pair,A,err[Flat FCM],err[SG-HFQ (ungated)],err[SG-HFQ class-seeded (ungated)],err[SVM],err[Random Forest],err[Gaussian ML]
1-2,0.21902490716271816,0.00291970802919708,0.3182481751824818,0.0,0.0,0.0,0.0
1-3,0.43086385306314146,0.008158508158508158,0.18298368298368298,0.17832167832167833,0.0011655011655011655,0.0034965034965034965,0.006993006993006993
1-4,0.431251972088105,0.019345238095238096,0.019345238095238096,0.16815476190476192,0.0,0.0,0.0
1-5,0.34952579813124623,0.23925501432664756,0.024355300859598854,0.011461318051575931,0.012893982808022923,0.014326647564469915,0.02005730659025788
1-7,0.31131462869315374,0.0,0.013963480128893663,0.07411385606874328,0.0,0.0,0.0
2-3,0.024389721024009492,0.0,0.008051529790660225,0.0,0.00322061191626409,0.00322061191626409,0.0
2-4,0.052536188537857076,0.011494252873563218,0.26666666666666666,0.0735632183908046,0.011494252873563218,0.004597701149425287,0.0
2-5,0.2709972786756985,0.07158351409978309,0.46203904555314534,0.0,0.02386117136659436,0.03253796095444685,0.05422993492407809
2-7,0.028437382349677964,0.0,0.6095100864553314,0.024495677233429394,0.004322766570605188,0.001440922190201729,0.002881844380403458
3-4,0.792001467210387,0.09868421052631579,0.13322368421052633,0.09703947368421052,0.09703947368421052,0.09539473684210527,0.10526315789473684
3-5,0.14103116817936334,0.0,0.011041009463722398,0.011041009463722398,0.00473186119873817,0.00473186119873817,0.0031545741324921135
3-7,0.2912696174465296,0.011534025374855825,0.0392156862745098,0.012687427912341407,0.02191464821222607,0.02306805074971165,0.0265282583621684
4-5,0.5441727680634452,0.060267857142857144,0.0,0.10044642857142858,0.022321428571428572,0.020089285714285716,0.033482142857142856
4-7,0.9467045087175538,0.23788546255506607,0.0,0.20411160058737152,0.12334801762114538,0.11600587371512482,0.19236417033773862
5-7,0.7064333140828408,0.18528995756718528,0.0,0.3012729844413013,0.04950495049504951,0.04526166902404526,0.056577086280056574
