similarity,classifier,spearman_rho,p_value
A (alpha=0.5),Flat FCM,0.7441743441865317,0.0014650355480298482
A (alpha=0.5),SG-HFQ (ungated),-0.4695370661898883,0.07741860682986794
A (alpha=0.5),SG-HFQ class-seeded (ungated),0.7741985213512662,0.0007042931140147829
A (alpha=0.5),SVM,0.5089638427401842,0.052668905805357935
A (alpha=0.5),Random Forest,0.5519748717041436,0.032893493734475504
A (alpha=0.5),Gaussian ML,0.6873863542433761,0.004630584711296964
inverted JM only,Flat FCM,0.7874193423959185,0.0004925009586803226
inverted JM only,SG-HFQ (ungated),-0.2007181351651431,0.47319622611734363
inverted JM only,SG-HFQ class-seeded (ungated),0.42294178481226585,0.11624873682640693
inverted JM only,SVM,0.9390741323797765,2.1413762781707986e-07
inverted JM only,Random Forest,0.8996473558294806,4.980373809262114e-06
inverted JM only,Gaussian ML,0.9128781741539014,2.052922660670765e-06
inverted W only,Flat FCM,0.6504768480661935,0.008646089560811745
inverted W only,SG-HFQ (ungated),-0.4695370661898883,0.07741860682986794
inverted W only,SG-HFQ class-seeded (ungated),0.7957040358332458,0.000388625880297455
inverted W only,SVM,0.30107720274771466,0.27551067110636346
inverted W only,Random Forest,0.3763465034346434,0.16678695552692277
inverted W only,Gaussian ML,0.5237229365663817,0.04509878401642221
