variant,node,grade,n,error
SG-HFQ,"{1,2,3,4,5,7}",1,428,0.46028037383177567
SG-HFQ,"{1,2,3,4,5,7}",2,412,0.47815533980582525
SG-HFQ,"{1,2,3,4,5,7}",3,385,0.4337662337662338
SG-HFQ,"{1,2,3,4,5,7}",4,366,0.5218579234972678
SG-HFQ,"{1,2,3,4,5,7}",5,409,0.5452322738386308
SG-HFQ,"{1,3,4,5,7}",1,385,0.4181818181818182
SG-HFQ,"{1,3,4,5,7}",2,379,0.21635883905013198
SG-HFQ,"{1,3,4,5,7}",3,322,0.10869565217391308
SG-HFQ,"{1,3,4,5,7}",4,346,0.043352601156069315
SG-HFQ,"{1,3,4,5,7}",5,344,0.03779069767441856
SG-HFQ,"{1,3}",1,181,0.6464088397790055
SG-HFQ,"{1,3}",2,161,0.22981366459627328
SG-HFQ,"{1,3}",3,163,0.042944785276073594
SG-HFQ,"{1,3}",4,181,0.0055248618784530246
SG-HFQ,"{1,3}",5,172,0.0
SG-HFQ,"{4,5,7}",1,190,0.5263157894736843
SG-HFQ,"{4,5,7}",2,195,0.3487179487179487
SG-HFQ,"{4,5,7}",3,200,0.33499999999999996
SG-HFQ,"{4,5,7}",4,155,0.5483870967741935
SG-HFQ,"{4,5,7}",5,178,0.4662921348314607
SG-HFQ,"{4,7}",1,152,0.36184210526315785
SG-HFQ,"{4,7}",2,124,0.16129032258064513
SG-HFQ,"{4,7}",3,133,0.18045112781954886
SG-HFQ,"{4,7}",4,152,0.1842105263157895
SG-HFQ,"{4,7}",5,120,0.17500000000000004
SG-HFQ (class-seeded),"{1,2,3,4,5,7}",1,411,0.10948905109489049
SG-HFQ (class-seeded),"{1,2,3,4,5,7}",2,410,0.004878048780487809
SG-HFQ (class-seeded),"{1,2,3,4,5,7}",3,408,0.002450980392156854
SG-HFQ (class-seeded),"{1,2,3,4,5,7}",4,381,0.002624671916010457
SG-HFQ (class-seeded),"{1,2,3,4,5,7}",5,390,0.0
SG-HFQ (class-seeded),"{1,3,4,5,7}",1,376,0.3537234042553191
SG-HFQ (class-seeded),"{1,3,4,5,7}",2,356,0.101123595505618
SG-HFQ (class-seeded),"{1,3,4,5,7}",3,353,0.0821529745042493
SG-HFQ (class-seeded),"{1,3,4,5,7}",4,359,0.12534818941504178
SG-HFQ (class-seeded),"{1,3,4,5,7}",5,332,0.07228915662650603
SG-HFQ (class-seeded),"{1,3}",1,181,0.6464088397790055
SG-HFQ (class-seeded),"{1,3}",2,161,0.22981366459627328
SG-HFQ (class-seeded),"{1,3}",3,163,0.042944785276073594
SG-HFQ (class-seeded),"{1,3}",4,181,0.0055248618784530246
SG-HFQ (class-seeded),"{1,3}",5,172,0.0
SG-HFQ (class-seeded),"{4,5,7}",1,161,0.45962732919254656
SG-HFQ (class-seeded),"{4,5,7}",2,189,0.46031746031746035
SG-HFQ (class-seeded),"{4,5,7}",3,179,0.44692737430167595
SG-HFQ (class-seeded),"{4,5,7}",4,201,0.11442786069651745
SG-HFQ (class-seeded),"{4,5,7}",5,188,0.03191489361702127
SG-HFQ (class-seeded),"{4,7}",1,152,0.36184210526315785
SG-HFQ (class-seeded),"{4,7}",2,124,0.16129032258064513
SG-HFQ (class-seeded),"{4,7}",3,133,0.18045112781954886
SG-HFQ (class-seeded),"{4,7}",4,152,0.1842105263157895
SG-HFQ (class-seeded),"{4,7}",5,120,0.17500000000000004
