variant,grade,n,share,accuracy,error
SG-HFQ,Q1,1336,0.21434301299534733,0.5284431137724551,0.4715568862275449
SG-HFQ,Q2,1271,0.2039146478421306,0.6821400472069237,0.31785995279307633
SG-HFQ,Q3,1203,0.19300497352799614,0.7506234413965087,0.24937655860349128
SG-HFQ,Q4,1200,0.19252366436707846,0.7333333333333333,0.2666666666666667
SG-HFQ,Q5,1223,0.19621370126744744,0.7219950940310711,0.2780049059689289
SG-HFQ (class-seeded),Q1,1281,0.20551901171185624,0.6690085870413739,0.3309914129586261
SG-HFQ (class-seeded),Q2,1240,0.19894111984598106,0.853225806451613,0.14677419354838706
SG-HFQ (class-seeded),Q3,1236,0.1982993742980908,0.8859223300970874,0.11407766990291257
SG-HFQ (class-seeded),Q4,1274,0.2043959570030483,0.9230769230769231,0.07692307692307687
SG-HFQ (class-seeded),Q5,1202,0.1928445371410236,0.9575707154742097,0.04242928452579031
