variant,depth,n,coverage,fine_share,P(correct|depth)
SG-HFQ,0,428,0.214,0.0,1.0
SG-HFQ,1,867,0.4335,0.9123414071510957,0.10380622837370242
SG-HFQ,2,185,0.0925,0.0,0.9135135135135135
SG-HFQ,3,520,0.26,1.0,0.7942307692307692
SG-HFQ,4,0,0.0,,
SG-HFQ (class-seeded),0,411,0.2055,0.0,1.0
SG-HFQ (class-seeded),1,296,0.148,0.09797297297297297,1.0
SG-HFQ (class-seeded),2,318,0.159,0.0,0.8333333333333334
SG-HFQ (class-seeded),3,719,0.3595,0.674547983310153,0.6467315716272601
SG-HFQ (class-seeded),4,256,0.128,1.0,0.6640625
