variant,Q_threshold,fine_coverage,selective_risk,coarse_rate,coarse_accuracy,abstain_rate,hierarchical_accuracy,mean_depth,mean_set_size
SG-HFQ,1,1.0,0.6485000000000001,0.0,,0.0,0.3515,1.9635,1.0
SG-HFQ,2,0.6555,0.6727688787185355,0.1305,0.9310344827586207,0.214,0.55,1.3985,2.3145
SG-HFQ,3,0.4585,0.6652126499454744,0.1215,0.9176954732510288,0.42,0.685,0.9805,3.3805
SG-HFQ,4,0.312,0.6875,0.0755,0.9205298013245033,0.6125,0.7795,0.635,4.246
SG-HFQ,5,0.143,0.8111888111888113,0.0615,0.983739837398374,0.7955,0.883,0.292,5.144
SG-HFQ,6,0.0,,0.0,,1.0,1.0,0.0,6.0
SG-HFQ (class-seeded),1,1.0,0.43300000000000005,0.0,,0.0,0.567,3.252,1.0
SG-HFQ (class-seeded),2,0.385,0.325974025974026,0.4095,0.8266178266178266,0.2055,0.8035,2.0565,2.918
SG-HFQ (class-seeded),3,0.1945,0.2930591259640103,0.395,0.9265822784810127,0.4105,0.914,1.4015,3.904
SG-HFQ (class-seeded),4,0.11,0.21818181818181814,0.2755,0.9673321234119783,0.6145,0.967,0.841,4.707
SG-HFQ (class-seeded),5,0.051,0.13725490196078427,0.144,0.9895833333333334,0.805,0.9915,0.397,5.386
SG-HFQ (class-seeded),6,0.0,,0.0,,1.0,1.0,0.0,6.0
