coverage,B1 Flat FCM,B2 Flat FCM + max-membership,"B3 HFCM, no gating",B4 HFCM + entropy gating,SG-HFQ,"SG-HFQ, continuous grade (L->inf)","B3 HFCM, no gating (class-seeded)",B4 HFCM + entropy gating (class-seeded),SG-HFQ (class-seeded),"SG-HFQ (class-seeded), continuous grade (L->inf)",Ref. SVM (4-D),Ref. SVM (36-D),Ref. Random Forest (4-D),Ref. Random Forest (36-D),Ref. Gaussian ML (4-D),Ref. Gaussian ML (36-D)
0.01,0.3085,0.0,0.6485000000000001,1.0,0.8111888111888111,1.0,0.433,0.05,0.13725490196078433,0.05,0.0,0.0,0.008912655971479501,0.0,0.0,0.0
0.02,0.3085,0.025,0.6485000000000001,0.9,0.8111888111888111,0.95,0.433,0.075,0.13725490196078433,0.05,0.0,0.0,0.008912655971479501,0.0,0.0,0.0
0.03,0.30850000000000005,0.05,0.6485,0.8166666666666667,0.8111888111888113,0.9166666666666666,0.433,0.1,0.1372549019607843,0.09166666666666666,0.0,0.0,0.008912655971479501,0.0,0.0,0.0
0.04,0.3085,0.05,0.6485000000000001,0.8125,0.8111888111888111,0.9125,0.433,0.1375,0.13725490196078433,0.15,0.0,0.0,0.008912655971479501,0.0,0.0,0.0
0.05,0.3085,0.06,0.6485,0.79,0.8111888111888113,0.88,0.433,0.13,0.1372549019607843,0.14,0.0,0.0,0.008912655971479501,0.0,0.0,0.0
0.060000000000000005,0.30850000000000005,0.08333333333333331,0.6485,0.7999999999999999,0.8111888111888113,0.875,0.433,0.1500000000000001,0.15988700564971756,0.1333333333333333,0.0,0.0,0.008912655971479501,0.0,0.0,0.0
0.06999999999999999,0.3085,0.08571428571428553,0.6485000000000001,0.7928571428571428,0.8111888111888111,0.8642857142857143,0.433,0.15714285714285717,0.17820823244552053,0.15714285714285717,0.0,0.0,0.008912655971479501,0.0,0.0,0.0
0.08,0.3085,0.0875,0.6485000000000001,0.78125,0.8111888111888111,0.85,0.433,0.15,0.19194915254237288,0.16875,0.0,0.0,0.008912655971479501,0.0,0.0,0.0
0.09,0.3085,0.1,0.6485000000000001,0.7777777777777778,0.8111888111888113,0.8388888888888889,0.433,0.15555555555555556,0.20263653483992464,0.17222222222222222,0.0,0.0,0.008912655971479501,0.0,0.0,0.0
0.09999999999999999,0.3085,0.10999999999999988,0.6485,0.755,0.8111888111888113,0.825,0.433,0.1599999999999999,0.2111864406779661,0.20749999999999996,0.0,0.0,0.008912655971479501,0.0,0.0,0.0
0.11,0.3085,0.10909090909090909,0.6485,0.7454545454545455,0.8111888111888111,0.8181818181818182,0.433,0.1590909090909091,0.21818181818181817,0.21818181818181817,0.00909090909090909,0.0,0.008912655971479501,0.0,0.0,0.0
0.12,0.30850000000000005,0.1125,0.6485,0.7458333333333333,0.8111888111888113,0.8208333333333333,0.433,0.1625,0.23254437869822484,0.225,0.008333333333333333,0.0,0.008912655971479501,0.0,0.0,0.004166666666666667
0.13,0.3085,0.11153846153846154,0.6485000000000001,0.7423076923076923,0.8111888111888111,0.8192307692307692,0.433,0.16923076923076924,0.24469731451979973,0.23076923076923078,0.007692307692307693,0.0,0.008912655971479501,0.0,0.0,0.0038461538461538464
0.14,0.3085,0.12142857142857143,0.6485000000000001,0.75,0.8111888111888111,0.8178571428571428,0.433,0.16428571428571428,0.2551141166525782,0.2357142857142857,0.007142857142857143,0.0,0.008912655971479501,0.0,0.0,0.0035714285714285713
0.15000000000000002,0.3085,0.1133333333333333,0.6485000000000001,0.7366666666666667,0.8005325443786983,0.8033333333333332,0.433,0.16666666666666663,0.2641420118343195,0.2433333333333333,0.006666666666666666,0.0,0.008912655971479501,0.0,0.0,0.003333333333333333
0.16,0.3085,0.10625,0.6485000000000001,0.728125,0.786926775147929,0.78125,0.433,0.165625,0.2720414201183432,0.24375,0.00625,0.0,0.008912655971479501,0.0,0.0,0.003125
0.17,0.3085,0.10588235294117647,0.6485000000000001,0.7147058823529412,0.7749216846501915,0.7823529411764706,0.433,0.17352941176470588,0.2790114862513053,0.26176470588235295,0.0058823529411764705,0.0,0.008912655971479501,0.0,0.0,0.0058823529411764705
0.18000000000000002,0.3085,0.10555555555555554,0.6485000000000001,0.711111111111111,0.7642504930966468,0.7694444444444444,0.433,0.1833333333333333,0.285207100591716,0.2722222222222223,0.005555555555555555,0.0,0.008912655971479501,0.0,0.0,0.005555555555555555
0.19,0.3085,0.10789473684210527,0.6485,0.7078947368421052,0.7547025848645281,0.7552631578947369,0.433,0.18157894736842106,0.2907505450015571,0.28289473684210525,0.005263157894736842,0.0,0.008912655971479501,0.0,0.0,0.007894736842105263
0.2,0.3085,0.1075,0.6485,0.705,0.7461094674556213,0.745,0.433,0.1875,0.29488845144356957,0.2875,0.005,0.0,0.008912655971479501,0.0,0.0,0.01
0.21000000000000002,0.3085,0.11190476190476202,0.6485,0.688095238095238,0.7383347421808961,0.7333333333333332,0.43300000000000005,0.18809523809523807,0.2979690038745157,0.2928571428571428,0.0047619047619047615,0.0,0.008912655971479501,0.0,0.0,0.011904761904762034
0.22,0.3085,0.1159090909090909,0.6485,0.6840909090909091,0.731266810112964,0.725,0.433,0.18409090909090908,0.30076950608446673,0.3,0.006818181818181818,0.0,0.008912655971479501,0.0,0.0022727272727272726,0.015909090909090907
0.23,0.3085,0.11739130434782609,0.6485,0.6782608695652174,0.7248134808335477,0.7260869565217392,0.433,0.18478260869565216,0.30332648636311765,0.29782608695652174,0.006521739130434782,0.0,0.008912655971479501,0.0,0.004347826086956522,0.017391304347826087
0.24000000000000002,0.30850000000000005,0.12291666666666665,0.6485,0.6812499999999999,0.7188979289940829,0.7249999999999999,0.433,0.18749999999999997,0.30567038495188104,0.2958333333333334,0.0062499999999999995,0.0,0.008912655971479501,0.0,0.004166666666666666,0.016666666666666663
0.25,0.3085,0.124,0.6485,0.68,0.7134556213017752,0.71,0.433,0.192,0.3078267716535433,0.306,0.008,0.0,0.008912655971479501,0.0,0.004,0.016
0.26,0.3085,0.125,0.6485000000000001,0.6788461538461539,0.7084319526627219,0.7028846153846153,0.433,0.19038461538461537,0.3098172824550777,0.3096153846153846,0.007692307692307693,0.0,0.008912655971479501,0.0,0.0038461538461538464,0.015384615384615385
0.27,0.3085,0.12222222222222222,0.6485,0.6722222222222223,0.7037804076265615,0.7037037037037037,0.433,0.19444444444444445,0.31166034801205406,0.30925925925925923,0.007407407407407408,0.0,0.0089126559714795,0.0,0.003703703703703704,0.016666666666666666
0.28,0.3085,0.12142857142857143,0.6485000000000001,0.6732142857142858,0.6994611158072697,0.7,0.433,0.2017857142857143,0.3133717660292463,0.3053571428571429,0.007142857142857143,0.0,0.008912655971479501,0.0,0.0035714285714285713,0.01607142857142857
0.29000000000000004,0.3085,0.12413793103448273,0.6485,0.6706896551724136,0.6954397061824117,0.6931034482758622,0.433,0.2034482758620691,0.31496515521766677,0.3034482758620689,0.008620689655172412,0.0,0.008620689655172412,0.0,0.005172413793103447,0.015517241379310341
0.3,0.3085,0.12333333333333334,0.6485000000000001,0.6683333333333333,0.6916863905325444,0.6916666666666667,0.433,0.21,0.31645231846019245,0.3016666666666667,0.01,0.0,0.008333333333333333,0.0,0.005,0.016666666666666666
0.31,0.3085,0.12580645161290321,0.6485,0.6709677419354839,0.6881752242794427,0.6867741935483871,0.43299999999999994,0.21935483870967742,0.31784353568707135,0.3064516129032258,0.01129032258064516,0.0,0.008064516129032258,0.0,0.0064516129032258064,0.01935483870967742
0.32,0.3085,0.125,0.6485000000000001,0.665625,0.685756186006826,0.684375,0.433,0.2265625,0.3191478018372703,0.3109375,0.0109375,0.0,0.0078125,0.0,0.00625,0.0203125
0.33,0.3085,0.12575757575757576,0.6485,0.6651515151515152,0.6836953149239838,0.6878787878787879,0.43299999999999994,0.22727272727272727,0.32037302155412395,0.3106060606060606,0.012121212121212121,0.0,0.007575757575757576,0.0,0.006060606060606061,0.019696969696969695
0.34,0.3085,0.1264705882352941,0.6485000000000001,0.6661764705882353,0.6817556715518972,0.6897058823529412,0.433,0.23676470588235293,0.3215261695229273,0.3176470588235294,0.011764705882352941,0.0,0.007703081232492998,0.0,0.007352941176470588,0.022058823529411766
0.35000000000000003,0.3085,0.12857142857142853,0.6485,0.6685714285714285,0.6799268649439298,0.6842857142857143,0.43300000000000005,0.23714285714285713,0.3226134233220847,0.31999999999999995,0.011428571428571427,0.0,0.007936507936507938,0.0,0.007142857142857142,0.021428571428571425
0.36000000000000004,0.3085,0.12777777777777774,0.6485000000000001,0.6666666666666665,0.6781996587030718,0.6819444444444445,0.433,0.23611111111111108,0.3236402741324001,0.32361111111111107,0.01111111111111111,0.0,0.008156966490299827,0.0,0.006944444444444443,0.02083333333333333
0.37,0.3085,0.12972972972972974,0.6485,0.668918918918919,0.6765658149617194,0.6797297297297298,0.433,0.2391891891891892,0.32461161949350925,0.3256756756756757,0.010810810810810811,0.0,0.008108108108108109,0.0,0.006756756756756757,0.02027027027027027
0.38,0.3085,0.13157894736842105,0.6485,0.6684210526315789,0.6750179629962277,0.6763157894736842,0.433,0.24736842105263157,0.32553184141456,0.32763157894736844,0.010526315789473684,0.0,0.007894736842105263,0.0,0.006578947368421052,0.021052631578947368
0.39,0.3085,0.13846153846153847,0.6485,0.6666666666666666,0.6735494880546076,0.6717948717948717,0.433,0.24743589743589745,0.3282051282051282,0.3269230769230769,0.011538461538461539,0.0,0.007692307692307693,0.0,0.00641025641025641,0.020512820512820513
0.4,0.3085,0.1425,0.6485,0.6625,0.6721544368600683,0.66875,0.433,0.2475,0.3325,0.32625,0.0125,0.00125,0.007916666666666666,0.0,0.00625,0.02
0.41000000000000003,0.3085,0.1439024390243902,0.6485,0.6658536585365854,0.6708274369433115,0.6658536585365854,0.433,0.2500000000000001,0.33658536585365856,0.328048780487805,0.013414634146341461,0.001219512195121951,0.008401084010840113,0.0,0.0060975609756097554,0.019512195121951216
0.42000000000000004,0.3085,0.1476190476190476,0.6485,0.663095238095238,0.6695636274987811,0.6642857142857143,0.43300000000000005,0.2523809523809523,0.3404761904761905,0.33333333333333326,0.014285714285714284,0.0011904761904761904,0.008333333333333331,0.0,0.007142857142857142,0.019047619047619046
0.43,0.3085,0.15232558139534882,0.6485000000000001,0.663953488372093,0.66835859988888,0.663953488372093,0.433,0.25232558139534883,0.34418604651162793,0.33488372093023255,0.013953488372093023,0.0011627906976744186,0.00813953488372093,0.0,0.00813953488372093,0.020930232558139535
0.44,0.3085,0.15795454545454546,0.6485,0.6636363636363637,0.6672083462612474,0.6681818181818182,0.433,0.25227272727272726,0.3477272727272727,0.33636363636363636,0.013636363636363636,0.0011363636363636363,0.007954545454545454,0.0,0.010227272727272727,0.022727272727272728
0.45,0.3085,0.15777777777777777,0.6485,0.6633333333333333,0.6661092150170648,0.6655555555555556,0.433,0.2588888888888889,0.3511111111111111,0.3333333333333333,0.013333333333333334,0.0011111111111111111,0.0077777777777777776,0.0012962962962962965,0.01,0.023333333333333334
0.46,0.3085,0.15869565217391304,0.6485,0.6619565217391304,0.6652946369454866,0.6663043478260869,0.433,0.2619565217391304,0.35434782608695653,0.33152173913043476,0.013043478260869565,0.0010869565217391304,0.008459357277882797,0.002173913043478261,0.010869565217391304,0.02391304347826087
0.47000000000000003,0.3085,0.15957446808510636,0.6485000000000001,0.6627659574468086,0.6658278431796091,0.6638297872340425,0.433,0.2638297872340425,0.3574468085106383,0.3308510638297872,0.012765957446808508,0.0010638297872340424,0.008510638297872339,0.0021276595744680847,0.010638297872340424,0.023404255319148932
0.48000000000000004,0.30850000000000005,0.15937499999999996,0.6485,0.6656249999999999,0.6663388324873096,0.6651041666666667,0.433,0.26458333333333345,0.36041666666666666,0.33333333333333326,0.013541666666666665,0.0010416666666666664,0.008333333333333331,0.002083333333333333,0.010416666666666664,0.024999999999999998
0.49,0.3085,0.15816326530612246,0.6485,0.6622448979591836,0.6668289650885735,0.6622448979591836,0.433,0.2673469387755102,0.363265306122449,0.3336734693877551,0.014285714285714285,0.0010204081632653062,0.008869701726844583,0.0020408163265306124,0.011224489795918367,0.025510204081632654
0.5,0.3085,0.161,0.6485,0.662,0.6672994923857868,0.662,0.433,0.269,0.366,0.34,0.014,0.001,0.009,0.002,0.011,0.026
0.51,0.3085,0.16176470588235295,0.6485000000000001,0.6637254901960784,0.6677515676321291,0.6637254901960784,0.43300000000000005,0.27058823529411763,0.3686274509803922,0.34019607843137256,0.014705882352941176,0.000980392156862745,0.008823529411764706,0.00196078431372549,0.012745098039215686,0.027450980392156862
0.52,0.3085,0.16538461538461538,0.6485000000000001,0.6615384615384615,0.6681862553689966,0.6605769230769231,0.433,0.27115384615384613,0.37115384615384617,0.33942307692307694,0.014423076923076924,0.0019230769230769232,0.009615384615384616,0.00270979020979021,0.013461538461538462,0.02980769230769231
0.53,0.3085,0.1660377358490566,0.6485,0.6632075471698113,0.6686045397950389,0.6622641509433962,0.433,0.27358490566037735,0.37358490566037733,0.33867924528301885,0.014150943396226415,0.0018867924528301887,0.010107816711590296,0.0037735849056603774,0.013207547169811321,0.031132075471698113
0.54,0.3085,0.16944444444444445,0.6485,0.6666666666666666,0.6690073322053018,0.6685185185185185,0.433,0.2740740740740741,0.37592592592592594,0.3398148148148148,0.013888888888888888,0.002777777777777778,0.010185185185185186,0.004629629629629629,0.012962962962962963,0.03148148148148148
0.55,0.3085,0.17272727272727273,0.6485,0.6672727272727272,0.6693954776188279,0.67,0.433,0.2772727272727273,0.3781818181818182,0.34363636363636363,0.015454545454545455,0.0027272727272727275,0.01,0.004545454545454545,0.015454545454545455,0.03272727272727273
0.56,0.3085,0.1767857142857143,0.6485000000000001,0.6660714285714285,0.6697697606961567,0.6714285714285714,0.433,0.28035714285714286,0.38035714285714284,0.34375,0.01607142857142857,0.0026785714285714286,0.009821428571428571,0.005357142857142857,0.015178571428571428,0.033928571428571426
0.5700000000000001,0.3085,0.17807017543859646,0.6485,0.6649122807017545,0.6701309110339301,0.6754385964912282,0.433,0.28333333333333327,0.3824561403508772,0.34561403508771926,0.016666666666666663,0.0026315789473684206,0.01065162907268173,0.005263157894736841,0.014912280701754382,0.033333333333333326
0.5800000000000001,0.3085,0.17844827586206913,0.6485,0.6655172413793105,0.6704796079117802,0.6775862068965516,0.433,0.2844827586206898,0.38448275862068965,0.3491379310344829,0.018103448275862067,0.0025862068965517237,0.011206896551724136,0.005172413793103447,0.015517241379310341,0.03448275862068965
0.59,0.3085,0.18135593220338983,0.6485,0.6661016949152543,0.6708164845564829,0.6754237288135593,0.433,0.2889830508474576,0.3864406779661017,0.35197740112994347,0.01864406779661017,0.002542372881355932,0.011016949152542373,0.005326876513317191,0.01694915254237288,0.03474576271186441
0.6,0.3085,0.185,0.6485000000000001,0.6641666666666667,0.6711421319796955,0.6758333333333333,0.433,0.2916666666666667,0.3883333333333333,0.3516666666666667,0.020833333333333332,0.0033333333333333335,0.014166666666666666,0.006666666666666667,0.0175,0.035833333333333335
0.61,0.3085,0.18688524590163935,0.6485,0.6647540983606557,0.6714571024382125,0.6737704918032786,0.433,0.2959016393442623,0.3901639344262295,0.3516393442622951,0.021311475409836064,0.005737704918032787,0.014754098360655738,0.006557377049180328,0.018032786885245903,0.03770491803278689
0.62,0.3085,0.1879032258064516,0.6485,0.6612903225806451,0.6717619125593581,0.675,0.43299999999999994,0.29838709677419356,0.3919354838709677,0.3536290322580645,0.021774193548387097,0.00564516129032258,0.014516129032258065,0.0064516129032258064,0.021774193548387097,0.03790322580645161
0.63,0.3085,0.19206349206349208,0.6485,0.6626984126984127,0.6720570461687213,0.6734126984126985,0.43300000000000005,0.3,0.39365079365079364,0.3531746031746032,0.022222222222222223,0.005555555555555556,0.015306122448979591,0.007256235827664399,0.023015873015873017,0.04047619047619048
0.64,0.3085,0.19296875,0.6485000000000001,0.659375,0.6723429568527919,0.67421875,0.433,0.303125,0.3953125,0.358203125,0.02421875,0.00546875,0.016629464285714286,0.007954545454545454,0.025,0.04140625
0.65,0.3085,0.19846153846153847,0.6485,0.66,0.672620070285045,0.6730769230769231,0.433,0.30615384615384617,0.39692307692307693,0.3607692307692308,0.024615384615384615,0.006923076923076923,0.019615384615384614,0.008461538461538461,0.03,0.04153846153846154
0.66,0.3085,0.20227272727272727,0.6485,0.6598484848484848,0.6722885604961076,0.6727272727272727,0.43299999999999994,0.30833333333333335,0.3984848484848485,0.3662878787878788,0.024242424242424242,0.009848484848484848,0.02227272727272727,0.009280303030303031,0.03257575757575758,0.04242424242424243
0.67,0.3085,0.20522388059701493,0.6485,0.6611940298507463,0.6712442865498343,0.6723880597014925,0.433,0.3111940298507463,0.4,0.36716417910447763,0.026865671641791045,0.010447761194029851,0.023880597014925373,0.011194029850746268,0.034328358208955224,0.04477611940298507
0.68,0.3085,0.2088235294117647,0.6485000000000001,0.6573529411764706,0.6702307265431572,0.6727941176470589,0.433,0.31691176470588234,0.40147058823529413,0.37058823529411766,0.028676470588235293,0.011029411764705883,0.02426470588235294,0.0125,0.03676470588235294,0.047058823529411764
0.6900000000000001,0.3085,0.208695652173913,0.6485,0.6579710144927535,0.6692465450873982,0.6731884057971014,0.433,0.32246376811594196,0.4028985507246377,0.36938405797101453,0.02971014492753623,0.012318840579710144,0.024016563146997953,0.014130434782608774,0.03768115942028985,0.047826086956521734
0.7000000000000001,0.3085,0.2121428571428571,0.6485,0.657142857142857,0.6682904831018038,0.6721428571428572,0.43300000000000005,0.3250000000000001,0.4042857142857143,0.3721428571428573,0.029999999999999995,0.01357142857142857,0.024999999999999998,0.015714285714285712,0.03928571428571444,0.04714285714285714
0.7100000000000001,0.3085,0.21338028169014095,0.6485,0.658450704225352,0.6673613524397474,0.6704225352112676,0.433,0.32957746478873234,0.4056338028169014,0.3753521126760563,0.030281690140845068,0.015492957746478872,0.02873239436619721,0.016197183098591545,0.04154929577464788,0.049999999999999996
0.72,0.3085,0.21666666666666667,0.6485000000000001,0.6555555555555556,0.6664580309627479,0.6715277777777777,0.433,0.3333333333333333,0.40694444444444444,0.3784722222222222,0.03125,0.019444444444444445,0.030357142857142857,0.016666666666666666,0.044444444444444446,0.05
0.73,0.3085,0.22123287671232877,0.6485,0.6561643835616439,0.6655794580193649,0.6678082191780822,0.43299999999999994,0.33972602739726027,0.40821917808219177,0.3796232876712329,0.031506849315068496,0.021232876712328767,0.03219178082191781,0.019178082191780823,0.04589041095890411,0.05342465753424658
0.74,0.3085,0.22702702702702704,0.6485,0.6554054054054054,0.6647246302906681,0.6668918918918919,0.433,0.34459459459459457,0.40945945945945944,0.37972972972972974,0.03445945945945946,0.0222972972972973,0.03445945945945946,0.01891891891891892,0.04864864864864865,0.05540540540540541
0.75,0.3085,0.22933333333333333,0.6485,0.656,0.6638925979680697,0.6646666666666666,0.433,0.34933333333333333,0.4106666666666667,0.38266666666666665,0.03666666666666667,0.02266666666666667,0.034666666666666665,0.019333333333333334,0.051333333333333335,0.05733333333333333
0.76,0.3085,0.23355263157894737,0.6485,0.6526315789473685,0.663082461232908,0.6651315789473684,0.433,0.35592105263157897,0.4118421052631579,0.3848684210526316,0.0375,0.02368421052631579,0.036052631578947364,0.02017543859649123,0.05460526315789474,0.05855263157894737
0.77,0.3085,0.2396103896103896,0.6485000000000001,0.6532467532467533,0.6622933670103481,0.6636363636363637,0.43300000000000005,0.36103896103896105,0.412987012987013,0.38571428571428573,0.03961038961038961,0.024675324675324677,0.03701298701298701,0.02142857142857143,0.05779220779220779,0.06038961038961039
0.78,0.3085,0.2423076923076923,0.6485,0.6519230769230769,0.661524505972982,0.6615384615384615,0.433,0.3647435897435897,0.41410256410256413,0.39133089133089133,0.04358974358974359,0.025,0.0391025641025641,0.022435897435897436,0.06217948717948718,0.0641025641025641
0.79,0.3085,0.2449367088607595,0.6485000000000001,0.6512658227848102,0.6607751097720049,0.660759493670886,0.433,0.37151898734177213,0.4151898734177215,0.3943037974683544,0.04556962025316456,0.026582278481012658,0.04113924050632911,0.02531645569620253,0.06518987341772152,0.0670886075949367
0.8,0.3085,0.244375,0.6485,0.6525,0.6600444484760523,0.66,0.433,0.375625,0.41625,0.39625,0.0475,0.029375,0.04416666666666667,0.02625,0.066875,0.069375
0.81,0.3085,0.24753086419753087,0.6485,0.6512345679012346,0.6593318281997528,0.6574074074074074,0.433,0.3771604938271605,0.41728395061728396,0.4012345679012346,0.04814814814814815,0.030864197530864196,0.049305555555555554,0.027160493827160494,0.07037037037037037,0.07160493827160494
0.8200000000000001,0.3085,0.2506097560975609,0.6485,0.649390243902439,0.658636588905802,0.6542682926829267,0.433,0.37926829268292694,0.41829268292682925,0.39999999999999997,0.05121951219512194,0.031707317073170864,0.0536585365853659,0.030182926829268354,0.07500000000000012,0.07499999999999998
0.8300000000000001,0.3085,0.25481927710843366,0.6485,0.6506024096385542,0.6579581023659223,0.6506024096385541,0.433,0.3843373493975903,0.41927710843373495,0.40060240963855426,0.05421686746987951,0.03433734939759035,0.05542168674698802,0.03373493975903614,0.08072289156626518,0.07771084337349396
0.8400000000000001,0.3085,0.2577380952380953,0.6485,0.65,0.6572957702674683,0.6494047619047619,0.43300000000000005,0.38869047619047625,0.42023809523809524,0.4046130952380953,0.05654761904761904,0.035714285714285705,0.059523809523809645,0.035714285714285705,0.08809523809523809,0.08154761904761904
0.85,0.30850000000000005,0.26176470588235295,0.6485000000000001,0.6511764705882352,0.656649022453684,0.6488235294117647,0.433,0.39176470588235296,0.4211764705882353,0.4088235294117647,0.058823529411764705,0.03882352941176471,0.06450980392156863,0.03705882352941176,0.09411764705882353,0.08705882352941176
0.86,0.3085,0.2633720930232558,0.6485000000000001,0.6494186046511627,0.6560173152867317,0.6484011627906977,0.433,0.3930232558139535,0.42209302325581394,0.41104651162790695,0.062209302325581396,0.04011627906976744,0.0678294573643411,0.04050387596899225,0.09941860465116278,0.08953488372093023
0.87,0.3085,0.2655172413793103,0.6485000000000001,0.646551724137931,0.6554001301236174,0.6448275862068965,0.433,0.39425287356321836,0.42298850574712643,0.4114942528735632,0.06551724137931035,0.04310344827586207,0.07298850574712644,0.04195402298850575,0.10402298850574712,0.0925287356321839
0.88,0.3085,0.27045454545454545,0.6485,0.6460227272727272,0.6547969718960285,0.6423295454545455,0.433,0.3965909090909091,0.4238636363636364,0.41306818181818183,0.06818181818181818,0.044886363636363634,0.07534090909090908,0.045698051948051946,0.11022727272727273,0.0971590909090909
0.89,0.3085,0.2752808988764045,0.6485,0.648314606741573,0.6542073677859135,0.6410112359550562,0.433,0.4,0.4247191011235955,0.41292134831460675,0.07191011235955057,0.04662921348314607,0.07921348314606741,0.047752808988764044,0.1151685393258427,0.09943820224719101
0.9,0.3085,0.28,0.6485,0.6494444444444445,0.6536308659893565,0.6411111111111111,0.433,0.4027777777777778,0.4255555555555556,0.4177777777777778,0.07722222222222222,0.04722222222222222,0.08222222222222222,0.05148148148148148,0.11833333333333333,0.10388888888888889
0.91,0.3085,0.28076923076923077,0.6485,0.65,0.6530670345619548,0.6395604395604395,0.433,0.40714285714285714,0.42637362637362636,0.41813186813186815,0.08131868131868132,0.05054945054945055,0.08516483516483517,0.055274725274725274,0.12307692307692308,0.10824175824175825
0.92,0.3085,0.2831521739130435,0.6485,0.6483695652173913,0.6525154603394965,0.6396739130434783,0.433,0.4125,0.42717391304347824,0.41956521739130437,0.08641304347826087,0.05434782608695652,0.08695652173913043,0.058695652173913045,0.12717391304347825,0.11521739130434783
0.93,0.3085,0.2860215053763441,0.6485,0.6483870967741936,0.6519757479282738,0.6404301075268818,0.433,0.4161290322580645,0.42795698924731185,0.42311827956989245,0.09032258064516129,0.05698924731182796,0.09086021505376345,0.06129032258064516,0.13333333333333333,0.11774193548387096
0.9400000000000001,0.3085,0.2877659574468086,0.6485000000000001,0.649468085106383,0.6514475187598431,0.6401595744680851,0.433,0.41968085106382974,0.42872340425531913,0.424468085106383,0.09308510638297883,0.060638297872340416,0.09372340425531915,0.0654255319148936,0.1372340425531916,0.12234042553191488
0.9500000000000001,0.3085,0.2899999999999999,0.6485000000000001,0.65,0.6509304102054847,0.6431578947368422,0.43300000000000005,0.4221052631578948,0.42947368421052634,0.4247368421052632,0.09789473684210524,0.06473684210526315,0.09736842105263169,0.06842105263157906,0.14157894736842117,0.1284210526315789
0.9600000000000001,0.30850000000000005,0.29479166666666673,0.6485,0.6484375,0.6504240747460087,0.6447916666666667,0.433,0.42447916666666674,0.43020833333333336,0.4258333333333334,0.10312500000000009,0.06822916666666677,0.10130208333333335,0.07187500000000005,0.14687499999999998,0.1343750000000001
0.97,0.3085,0.2984536082474227,0.6485,0.6489690721649485,0.6499281791929136,0.6448453608247423,0.433,0.42577319587628865,0.4309278350515464,0.4276632302405498,0.1077319587628866,0.07371134020618557,0.10309278350515463,0.07525773195876288,0.15051546391752577,0.1402061855670103
0.98,0.3085,0.3020408163265306,0.6485,0.648469387755102,0.6494424039572287,0.6479591836734694,0.433,0.42857142857142855,0.4316326530612245,0.42933673469387756,0.11020408163265306,0.07857142857142857,0.10714285714285714,0.07933673469387754,0.15459183673469387,0.14285714285714285
0.99,0.3085,0.30454545454545456,0.6485,0.648989898989899,0.6489664423626688,0.6492424242424243,0.433,0.4303030303030303,0.43232323232323233,0.4308080808080808,0.11666666666666667,0.08181818181818182,0.11237373737373738,0.08383838383838384,0.15858585858585858,0.14747474747474748
1.0,0.3085,0.3085,0.6485,0.6485,0.6485,0.6485,0.433,0.433,0.433,0.433,0.1205,0.085,0.117,0.0875,0.161,0.152
