method,accuracy@100%,AURC,AURC_95lo,AURC_95hi,E-AURC,risk@50%,risk@80%,risk@90%
B1 Flat FCM,0.6915,0.3085000000000001,0.2885,0.328,0.2550117971486602,0.3085,0.3085,0.3085
B2 Flat FCM + max-membership,0.6915,0.17282117089940396,0.15330786859976697,0.19374089665628882,0.11933296804806402,0.161,0.244375,0.28
"B3 HFCM, no gating",0.3515,0.6485000000000001,0.6274875,0.6690000000000002,0.367347194004461,0.6485,0.6485,0.6485
B4 HFCM + entropy gating,0.3515,0.6854613756972285,0.6557584058075698,0.7115306056398858,0.40430856970168944,0.662,0.6525,0.6494444444444445
SG-HFQ,0.3515,0.6976952757346632,0.6709710863090491,0.7236636274511226,0.41654246973912407,0.6672994923857868,0.6600444484760523,0.6536308659893565
"SG-HFQ, continuous grade (L->inf)",0.3515,0.7054498578339654,0.6808394593942071,0.7289610270951763,0.4242970518384263,0.662,0.66,0.6411111111111111
"B3 HFCM, no gating (class-seeded)",0.567,0.4329999999999999,0.41099999999999987,0.455,0.32160529289982587,0.433,0.433,0.433
B4 HFCM + entropy gating (class-seeded),0.567,0.2715391496297214,0.24648273658111858,0.297979520125019,0.16014444252954743,0.269,0.375625,0.4027777777777778
SG-HFQ (class-seeded),0.567,0.3435669127815289,0.31693872629274555,0.3714449463255734,0.2321722056813549,0.366,0.41625,0.4255555555555556
"SG-HFQ (class-seeded), continuous grade (L->inf)",0.567,0.32494777980301853,0.2980610529370395,0.3527011455490748,0.21355307270284454,0.34,0.39625,0.4177777777777778
Ref. SVM (4-D),0.8795,0.02744952794290565,0.022182253828288527,0.03399740327426975,0.019848716478269048,0.014,0.0475,0.07722222222222222
Ref. SVM (36-D),0.915,0.01381561027490351,0.010873403020920358,0.017414272318407486,0.010074924522627015,0.001,0.029375,0.04722222222222222
Ref. Random Forest (4-D),0.883,0.0269472011744394,0.020897127316543865,0.03362723764085493,0.01978971558034508,0.009,0.04416666666666667,0.08222222222222222
Ref. Random Forest (36-D),0.9125,0.01416775487261421,0.011114087546705856,0.017703372235988432,0.010200947785257628,0.002,0.02625,0.05148148148148148
Ref. Gaussian ML (4-D),0.839,0.034949304792503036,0.029221305284661735,0.040980155430079816,0.02119095848451112,0.011,0.066875,0.11833333333333333
Ref. Gaussian ML (36-D),0.848,0.04103506889055378,0.03331005947254494,0.04892551989721621,0.028810773216815175,0.026,0.069375,0.10388888888888889
