model,seeding,Graph,Hier.,Entropy,Quant.,Gate,accuracy@100%,AURC,E-AURC,fine_coverage,selective_risk,hierarchical_accuracy,mean_depth
Flat FCM,-,–,–,–,–,–,0.6915,0.3085000000000001,0.2550117971486602,,,,
HFCM (semantic hierarchy),paper,–,✓,–,–,–,0.326,0.674,0.36523123173687894,,,,
HFCM (Euclidean-centroid hierarchy),paper,–,✓,–,–,–,0.327,0.673,0.36535080724174174,,,,
Graph-HFCM,paper,✓,✓,–,–,–,0.3515,0.6485000000000001,0.367347194004461,,,,
+ Entropy,paper,✓,✓,✓,–,–,0.3515,0.6854613756972285,0.40430856970168944,,,,
+ Quantization,paper,✓,✓,✓,✓,–,0.3515,0.6976952757346632,0.41654246973912407,,,,
SG-HFQ,paper,✓,✓,✓,✓,✓,0.3515,0.6976952757346632,0.41654246973912407,0.6555,0.6727688787185355,0.55,1.3985
HFCM (semantic hierarchy),class-seeded,–,✓,–,–,–,0.6815,0.3185000000000001,0.2612477188486458,,,,
HFCM (Euclidean-centroid hierarchy),class-seeded,–,✓,–,–,–,0.6335,0.3665,0.2890981540746318,,,,
Graph-HFCM,class-seeded,✓,✓,–,–,–,0.567,0.4329999999999999,0.32160529289982587,,,,
+ Entropy,class-seeded,✓,✓,✓,–,–,0.567,0.2715391496297214,0.16014444252954743,,,,
+ Quantization,class-seeded,✓,✓,✓,✓,–,0.567,0.3435669127815289,0.2321722056813549,,,,
SG-HFQ,class-seeded,✓,✓,✓,✓,✓,0.567,0.3435669127815289,0.2321722056813549,0.385,0.325974025974026,0.8035,2.0565
