class_i,class_j,bhattacharyya,jm,wasserstein,ambiguity
1,2,6.047873186876459,1.995274235850339,1.3489052846438225,0.21902490716271816
1,3,5.259187296687588,1.9896009426475225,0.7074911523761898,0.43086385306314146
1,4,4.352296052080345,1.9742455762759927,0.725717704125168,0.431251972088105
1,5,3.1011491820762265,1.9100050752146926,1.057162444610256,0.34952579813124623
1,7,6.3164156365977755,1.996387186531561,1.064934676469584,0.31131462869315374
2,3,6.4044520220570105,1.996691647148832,1.9430276750268496,0.024389721024009492
2,4,3.4477877395839087,1.9363681125335481,1.93312287204855,0.052536188537857076
2,5,1.875049969144831,1.6933053919603327,1.57158165491884,0.2709972786756985
2,7,3.3218761661382272,1.927829866750986,2.0177016804384316,0.028437382349677964
3,4,0.769713384467202,1.0737084118635645,0.7598226804932857,0.792001467210387
3,5,3.7719238390064915,1.953984485078006,1.6399042026072406,0.14103116817936334
3,7,2.1721623041209264,1.7721380061818275,1.4098402912452188,0.2912696174465296
4,5,1.5102661513723965,1.5582976194217504,0.9058999970852292,0.5441727680634452
4,7,0.49916887806465765,0.7859300596178025,0.6500265492421585,0.9467045087175538
5,7,1.379931830995555,1.496808592992368,0.4868517511163187,0.7064333140828408
