variant,L,AURC(grade),fine_coverage,selective_risk,coarse_rate,coarse_accuracy,abstain_rate,hierarchical_accuracy,mean_depth,mean_set_size
SG-HFQ,3,0.6752935975335672,0.507,0.6617357001972386,0.1425,0.9017543859649123,0.3505,0.6505,1.118,3.036
SG-HFQ,4,0.6905105127024108,0.5895,0.6759966072943172,0.137,0.9306569343065694,0.2735,0.592,1.2845,2.5915
SG-HFQ,5,0.6976952757346632,0.6555,0.6727688787185355,0.1305,0.9310344827586207,0.214,0.55,1.3985,2.3145
SG-HFQ,8,0.7010294931565235,0.779,0.6617458279845956,0.099,0.8939393939393939,0.122,0.474,1.5895,1.8245
SG-HFQ,10,0.7007060372573064,0.8145,0.6556169429097606,0.0855,0.8421052631578947,0.1,0.4525,1.6435,1.6815
SG-HFQ (class-seeded),3,0.35424987045708983,0.2395,0.29645093945720247,0.4255,0.9118683901292597,0.335,0.8915,1.5835,3.636
SG-HFQ (class-seeded),4,0.3439340265969334,0.3235,0.3122102009273571,0.424,0.8502358490566038,0.2525,0.8355,1.8875,3.1715
SG-HFQ (class-seeded),5,0.3435669127815289,0.385,0.325974025974026,0.4095,0.8266178266178266,0.2055,0.8035,2.0565,2.918
SG-HFQ (class-seeded),8,0.3296092135666796,0.5315,0.33866415804327377,0.338,0.7337278106508875,0.1305,0.73,2.4165,2.385
SG-HFQ (class-seeded),10,0.32853517403842136,0.603,0.35074626865671643,0.2895,0.7029360967184801,0.1075,0.7025,2.574,2.1495
