coverage,B1 Flat FCM,B2 Flat FCM + max-membership,SG-HFQ,"B3 HFCM, no gating",B4 HFCM + entropy gating,SG-HFQ (class-seeded),SVM (RBF),"SVM (RBF), Phase 1 features",Random Forest,"Random Forest, Phase 1 features"
0.005,0.7165019535738911,0.3218076109936575,0.99601593625498,0.898184325442427,1.0,0.6936507345565655,0.0,0.0,0.0,0.0006818181818181819
0.01,0.716501953573891,0.3907157784743992,0.9960159362549801,0.898184325442427,1.0,0.7464672429047586,0.0,0.01149164054336468,0.0,0.01149164054336468
0.015,0.716501953573891,0.3947662947739284,0.9960159362549801,0.898184325442427,1.0,0.7640677614857423,0.0,0.007661186142102172,0.005694371785974839,0.015322372284204345
0.02,0.716501953573891,0.39668965517241384,0.9960159362549801,0.898184325442427,1.0,0.7728686922440761,0.0,0.011491625615763546,0.011491625615763546,0.011491625615763546
0.025,0.716501953573891,0.39071682239039446,0.99601593625498,0.898184325442427,1.0,0.778148884525998,0.0,0.013790005496131569,0.009193336997421045,0.010561652759788306
0.030000000000000002,0.716501953573891,0.4098678014682226,0.9922856767805315,0.898184325442427,1.0,0.7816691601729827,0.0,0.015322160802550376,0.009114708549033379,0.011491620601912783
0.034999999999999996,0.716501953573891,0.41228462036238134,0.9789896678170836,0.898184325442427,1.0,0.7779002128003105,0.0,0.0164166307161346,0.0164166307161346,0.0157540158859057
0.04,0.716501953573891,0.413927477521984,0.969017391919973,0.898184325442427,1.0,0.7704219115694207,0.0,0.02011033165365741,0.014364522609755294,0.0201238155572475
0.045,0.7165019535738911,0.4152037554152096,0.961261364080038,0.8981843254424271,1.0,0.7646055950995757,0.0,0.020429563129599666,0.01276847695599979,0.022983258520799625
0.049999999999999996,0.716501953573891,0.4136981967731731,0.9550564258793812,0.8981843254424271,1.0,0.759952454987697,0.0,0.020684909838658654,0.011877696931350835,0.028269308989017933
0.055,0.716501953573891,0.41578781631886513,0.949979742950847,0.898184325442427,1.0,0.7561454038606521,0.0020893860116525886,0.022983246128178477,0.014625702081568121,0.03301395355270016
0.06,0.716501953573891,0.4213592375259152,0.9457491172210977,0.898184325442427,1.0,0.7529728187929461,0.0019152692614814325,0.02106796187629576,0.015232126766444693,0.032559577445184354
0.065,0.716501953573891,0.4271869664467307,0.942169399702019,0.898184325442427,1.0,0.7502883557671166,0.0017679414615841644,0.019447356077425808,0.015923857125833423,0.03287061210006023
0.07,0.716501953573891,0.4319858946405018,0.9391010406062158,0.8981843254424271,1.0,0.7479873651166669,0.0016416592640447925,0.01969991116853751,0.016416592640447925,0.03447484454494064
0.07500000000000001,0.7165019535738911,0.43514924041,0.9364418189546739,0.8981843254424271,1.0,0.7459931903911463,0.006128862540985916,0.01838658762295775,0.01532215635246479,0.03217652834017606
0.08,0.716501953573891,0.43691089892643353,0.934114983691403,0.898184325442427,1.0,0.7442482752691691,0.005745807153811903,0.01723742146143571,0.01723742146143571,0.03160193934596547
0.085,0.7165019535738911,0.4461450828365578,0.9320619063855178,0.8981843254424271,1.0,0.7427086537522631,0.00540781918589767,0.017575412354167427,0.01622345755769301,0.029743005522437187
0.09000000000000001,0.7165019535738911,0.4509562254020383,0.930236939748295,0.898184325442427,1.0,0.741340094519618,0.007661075924622721,0.017875843824119685,0.017875843824119685,0.03173001916129201
0.095,0.7165019535738911,0.4584549452351186,0.9286040818151066,0.898184325442427,1.0,0.7401155993674965,0.007257861929843567,0.019354298479582845,0.01693501116963499,0.03145073502932212
0.1,0.716501953573891,0.45989416313657183,0.9271345047980093,0.8981843254424271,1.0,0.739013550073109,0.008044129485199994,0.02068490439051427,0.016088258970399987,0.03392979777128002
0.10500000000000001,0.716501953573891,0.4626302424737742,0.9258048911553542,0.8981843254424271,1.0,0.7380164605979417,0.00875551539757598,0.020794349069242952,0.0153944857043198,0.0360042945375523
0.11,0.716501953573891,0.4627986073389572,0.9245961490646549,0.898184325442427,1.0,0.7371100138090673,0.009402229043003646,0.02193853443367517,0.015830767199321534,0.03967042412150756
0.115,0.716501953573891,0.46865797202797205,0.9234925166644379,0.8981843254424271,0.9980014585414585,0.7362823897418888,0.009992707292707292,0.020984685314685315,0.01598833166833167,0.041188324875124874
0.12000000000000001,0.716501953573891,0.4723434343434344,0.9224808527130776,0.898184325442427,0.9980847311591413,0.7355237336586875,0.010533978624722726,0.021067957249445452,0.015598662441107997,0.04263113635708917
0.125,0.716501953573891,0.47782110774392555,0.9215501223483946,0.898184325442427,0.9963226838573516,0.7348257704150258,0.011031948427945236,0.022983225891552574,0.016547922641917852,0.04173582988597667
0.13,0.7165019535738911,0.48199345149387796,0.9206909866354062,0.8981843254424271,0.9953504669247328,0.7341814966578382,0.011491612850818407,0.02475116614022426,0.01737075961689097,0.042957570839866434
0.135,0.7165019535738911,0.48330304831635795,0.9198954903229434,0.898184325442427,0.9931901554967559,0.7335849466712516,0.011065997317771576,0.027239378012976184,0.017875841821015623,0.04280648863006325
0.14,0.716501953573891,0.4801852443050712,0.9191568157598303,0.8981843254424271,0.9917917052255544,0.73303100783607,0.010670783206779359,0.029549861188004376,0.018058248503780454,0.044253855821415444
0.14500000000000002,0.7165019535738911,0.48248118302205256,0.9184690835204031,0.8981843254424271,0.9904897001474191,0.7325152711170206,0.011887874815726205,0.03090847452088813,0.017435549729731766,0.04491262108325084
0.15,0.716501953573891,0.4872443716885815,0.9178272010369513,0.898184325442427,0.990040602465485,0.7317824718502731,0.011491612539825034,0.03141040760885509,0.01685436505841005,0.045291846519029635
0.155,0.716501953573891,0.4876965187973067,0.9172267292899173,0.8981843254424271,0.988879085067959,0.7296596857252844,0.013345097918449319,0.03262135046732056,0.0167404253727896,0.0444836597281644
0.16,0.716501953573891,0.4955757853305939,0.916663788181823,0.898184325442427,0.9870719360348541,0.7276695778153766,0.013646289740987368,0.033038385688706255,0.01795564439603601,0.043487296668797484
0.165,0.716501953573891,0.49715492123882643,0.9161349635095125,0.898184325442427,0.9853743121135947,0.7258000782386228,0.013929226558481262,0.03482306639620316,0.01741153319810158,0.04372703142844202
0.17,0.7165019535738911,0.501128830656214,0.9156372474485314,0.898184325442427,0.9844525245326462,0.7240405537420027,0.014195521078888218,0.03379885971163862,0.01689942985581931,0.0439385176251302
0.17500000000000002,0.716501953573891,0.5048756992000885,0.9151183250918946,0.898184325442427,0.9848967388350159,0.7223815689021774,0.01444659763607169,0.03414650350344218,0.017130441478163675,0.04268312937930273
0.18000000000000002,0.7165019535738911,0.508184628525275,0.9135412658147065,0.898184325442427,0.9838096891425235,0.7208147546247562,0.015322149603777134,0.03383641370834117,0.017707288169713637,0.04308965562599116
0.185,0.716501953573891,0.5130041343529603,0.912049448198867,0.898184325442427,0.981364954120649,0.719332628256004,0.017392709487394277,0.034785418974788554,0.018756586334374322,0.04234747466419756
0.19,0.716501953573891,0.515537826135618,0.9106361521493853,0.8981843254424271,0.9758071323912918,0.7179285133564682,0.01814465070653116,0.03507965803262691,0.019651115334000362,0.04332317144753614
0.195,0.716501953573891,0.520953055336276,0.9092953279968766,0.898184325442427,0.974070209915389,0.716596399557038,0.01826871574143049,0.03771605830488876,0.02017200048735653,0.043875298937289454
0.2,0.716501953573891,0.5207997781695024,0.9080215498889169,0.8981843254424271,0.9712709699142388,0.715330896253081,0.018386579254887202,0.03792231971320485,0.021087101480850617,0.045391867535502776
0.20500000000000002,0.7165019535738911,0.5252002501200929,0.9068099025154589,0.8981843254424271,0.9709010233671772,0.714127120065721,0.018498691553762617,0.03755794951824531,0.021044426296825642,0.04602499181915456
0.21000000000000002,0.716501953573891,0.5266550310861033,0.905655957398826,0.898184325442427,0.9688084818172346,0.7129806712858601,0.019699906220693966,0.03830537320690493,0.021170099452375166,0.04716604524662749
0.215,0.7165019535738911,0.5312491561320122,0.9045556794564666,0.8981843254424271,0.96632690631279,0.7118875410439238,0.02084524847303481,0.039018029193116435,0.021318274231610916,0.048277592982676774
0.22,0.716501953573891,0.5312258772109317,0.9035054187972635,0.898184325442427,0.9650028183155039,0.7108441031594664,0.02037149381634841,0.038653603651532885,0.021514168392775545,0.049399715276470475
0.225,0.7165019535738911,0.5321637368906463,0.9025018318215988,0.898184325442427,0.9627161056692327,0.709847035753789,0.019918792861642786,0.03830537088777459,0.021530305882698105,0.049541613014855136
0.23,0.716501953573891,0.5361086739347609,0.9015418835738139,0.898184325442427,0.95979940599131,0.7088933235871185,0.020485047186696363,0.03847191788721024,0.02280382785630162,0.05020108077829217
0.23500000000000001,0.7165019535738911,0.5369271958239034,0.9006227797629243,0.898184325442427,0.9569675835769549,0.7079801905209337,0.020538198747362426,0.03814236910224451,0.023692500594826693,0.050785236498055705
0.24000000000000002,0.716501953573891,0.5398567115835732,0.8997419763036439,0.898184325442427,0.9535547357165521,0.7071051089970083,0.021067954932698002,0.038305372604905456,0.02430817699666431,0.05117310203602523
0.245,0.716501953573891,0.5394021559697242,0.8988971197354707,0.898184325442427,0.9516883286392335,0.7062657408435505,0.022040438959239284,0.03893076430042357,0.024859403709909026,0.05077905375565827
0.25,0.7165019535738911,0.541025080290737,0.8980860616302885,0.8981843254424271,0.9505861223799865,0.705459951589209,0.021604230054090602,0.0386118154158215,0.02457015780450111,0.05128886649941283
0.255,0.716501953573891,0.542588811208685,0.8973068057722717,0.898184325442427,0.9495270412368204,0.7046857579861115,0.02253257087641946,0.03830537048991308,0.025521338408686905,0.05251467453722047
0.26,0.7165019535738911,0.5447553832791616,0.89655752502166,0.898184325442427,0.9478457623562535,0.7039413447640869,0.022541238303653163,0.03977865582997617,0.026288465827375117,0.05331329342636884
0.265,0.716501953573891,0.5459599427963688,0.8958365156404939,0.8981843254424271,0.9457942868550071,0.7032250192531145,0.022115930963157115,0.03946175916955485,0.02671974706028461,0.05419298301590749
0.27,0.7165019535738911,0.5475709935418421,0.8951422133580724,0.898184325442427,0.9438187875329475,0.7025352273444149,0.022131992790050993,0.03873098738258924,0.02728619020445873,0.05574088187656299
0.275,0.716501953573891,0.5482752098940763,0.8944731556770349,0.8981843254424271,0.941497251975181,0.701870516041402,0.02256534566671589,0.04053404684576743,0.027249918046264848,0.05823481429580358
0.28,0.7165019535738911,0.5510063181669029,0.8938279953942716,0.8981843254424271,0.9404898684956133,0.7012295468927592,0.022983223201694186,0.041862299403085834,0.027087370201996717,0.05871312594082572
0.28500000000000003,0.716501953573891,0.5536416263603386,0.8932054700784174,0.8981843254424271,0.9387114066908505,0.7006110656682136,0.023789651350261985,0.043143943974203944,0.027016649261661356,0.05976656271876793
0.29000000000000004,0.7165019535738911,0.5571450295946075,0.8926044131603621,0.8981843254424271,0.9369942676347492,0.7000139133770004,0.024568272997770743,0.04500745282858884,0.027240720417787266,0.06023189509130892
0.295,0.716501953573891,0.5578651258423775,0.8920237292511461,0.8981843254424271,0.9356898394067041,0.6994370017461005,0.024930953256465056,0.04752462964513651,0.02822732467685347,0.059931023037425646
0.3,0.716501953573891,0.5596414814423504,0.8914624030825579,0.8981843254424271,0.9348808680046546,0.6988793221027567,0.026047652798138143,0.047498660984840145,0.03015640237693244,0.061403507999606734
0.305,0.7165019535738911,0.5617702434019218,0.8909194796134797,0.8981843254424271,0.9329342030009778,0.6983399256100549,0.025997415690632197,0.04709676755549311,0.030782736031787675,0.06247743873796013
0.31,0.716501953573891,0.5633187631536345,0.8903940710805637,0.8981843254424271,0.9329038167494125,0.6978179302717946,0.026919994293964727,0.04707853741892056,0.03076786303756226,0.06370212685537016
0.315,0.7165019535738911,0.5629539576642448,0.8898853410539822,0.898184325442427,0.9299558930480258,0.6973125050918219,0.02736097927811489,0.04706088435835761,0.030279483734447145,0.0641774364973565
0.32,0.716501953573891,0.565114328607689,0.8893925098342026,0.8981843254424271,0.9274592026248994,0.6968228754357405,0.027522379743700823,0.04848023586949793,0.030165480096576488,0.06477888281543039
0.325,0.7165019535738911,0.5678623925867817,0.8889148417823171,0.898184325442427,0.9271608637155186,0.6963483104435502,0.028640631257490237,0.04950232563023004,0.030900194216920907,0.06659072593475723
0.33,0.716501953573891,0.5695869171010848,0.8884516492742957,0.898184325442427,0.925826871636352,0.6958881269582113,0.02925137456594569,0.049448752242432004,0.030760206279488774,0.06801541423815942
0.335,0.716501953573891,0.5712085330359264,0.8880022827589925,0.898184325442427,0.9255618013350368,0.6954416796482361,0.029843886100699515,0.05042587651497505,0.031120091425384924,0.06894966788782302
0.34,0.716501953573891,0.5717684807080586,0.8875661334575043,0.898184325442427,0.9246285486960514,0.6950083636895124,0.030756959949144964,0.05103627420132845,0.03187907861431823,0.07001537452754895
0.34500000000000003,0.716501953573891,0.5739143856365708,0.8871426257025271,0.898184325442427,0.9230561676830831,0.6945876071544251,0.03197665758625119,0.05262824894403841,0.03224945673913029,0.07296256763445304
0.35000000000000003,0.716501953573891,0.5768788914800642,0.8867312185483469,0.898184325442427,0.9218570425883578,0.6941788726113888,0.03184818012155164,0.05417473938202083,0.03281461651689867,0.0740841493841633
0.35500000000000004,0.7165019535738911,0.5801515524865873,0.8857575603851354,0.898184325442427,0.9219865259439225,0.6937816514163095,0.03237073612285372,0.054706544047622783,0.03427534858528174,0.07576694000320588
0.36,0.716501953573891,0.5818330310675425,0.8842682615700329,0.898184325442427,0.9214739890401644,0.6933954643743185,0.03374701148202357,0.05490436538655168,0.03498237768018852,0.07703975844825751
0.365,0.7165019535738911,0.5834684442811169,0.882819764820003,0.898184325442427,0.9203458173870919,0.6930198576327063,0.034317414643505864,0.05698579862820699,0.03599961915645762,0.07740182328274142
0.37,0.716501953573891,0.5851404259260331,0.8814104170426967,0.898184325442427,0.918316384278903,0.6926544025314633,0.0354065862821485,0.0583898089565256,0.03682336582673914,0.07866310078043685
0.375,0.7165019535738911,0.5877576139634524,0.8800386516730523,0.898184325442427,0.9178732843888399,0.6933354494594364,0.03585382733770799,0.0604458579708316,0.03807553533978716,0.08042595361390036
0.38,0.716501953573891,0.5897011069847439,0.8787029853956722,0.898184325442427,0.9177442558462306,0.694314280562969,0.03538206641908463,0.061086986467137575,0.03880353998036393,0.08128076998853558
0.385,0.7165019535738911,0.5909971538903512,0.8774020119264078,0.8981843254424271,0.9158276780822834,0.6952676873518897,0.036414976148799426,0.06178606608853673,0.04086185120529324,0.08228417592572407
0.39,0.716501953573891,0.5927844407729804,0.8761343964066135,0.898184325442427,0.9146143964114826,0.6961966480654362,0.03683208748435416,0.06240238099828049,0.04184266335019185,0.0826907221016262
0.395,0.7165019535738911,0.5944479446627003,0.8748988729181857,0.8981843254424271,0.9135947199173758,0.6971020904203862,0.036947712358563166,0.06379733567042302,0.04208693482864157,0.08282851496893387
0.4,0.716501953573891,0.5969317345062028,0.8736942368754862,0.8981843254424271,0.912663754304979,0.6979848971865669,0.03763502692778862,0.06406573286180811,0.04269133423808062,0.08261258724876361
0.405,0.7165019535738911,0.5982192189726374,0.8725193457059913,0.8981843254424271,0.9114720312990557,0.6988459056880492,0.038305371072523964,0.06667972001513432,0.04321438982283043,0.08403453371410631
0.41000000000000003,0.7165019535738911,0.6003161548122363,0.8713731095242756,0.8981843254424271,0.9111502251581198,0.6996859146376339,0.03923964819515212,0.06777807216374322,0.04399840711001823,0.08433517582185114
0.41500000000000004,0.7165019535738911,0.6023625577439183,0.8702544944983376,0.8981843254424271,0.9088978283410509,0.7005056816698709,0.040982131931685296,0.06848721744466667,0.044436733353249984,0.08446284568969178
0.42000000000000004,0.7165019535738911,0.6024449730707573,0.8691625120538815,0.8981843254424271,0.9086143296666435,0.7013059312526048,0.040724071291173586,0.0700441066028122,0.04497488156449429,0.08528367268270096
0.425,0.7165019535738911,0.6054997433273518,0.8680962245192688,0.8981843254424271,0.9085132710213145,0.7020873505501222,0.04109940987953565,0.07219435814365803,0.04608197287392591,0.08711692527173111
0.43,0.7165019535738911,0.6079489845645584,0.8670547330767971,0.8981843254424271,0.9072653699004102,0.7028505982529494,0.04138582660741026,0.07322561569823517,0.04652013044058603,0.08882007961922686
0.435,0.716501953573891,0.6100777403504952,0.8660371853399297,0.898184325442427,0.9070104096228824,0.7035962990249481,0.042532170598624845,0.07502569223608357,0.04733183277611111,0.09031316429646595
0.44,0.7165019535738911,0.6121894697372223,0.865042762240785,0.8981843254424271,0.9051942075449608,0.7043250531127007,0.04544409886274603,0.07443429986139435,0.048264765781493836,0.09159404390494513
0.445,0.716501953573891,0.6131587924345917,0.8640706872440763,0.898184325442427,0.9044517711620821,0.7050374295931574,0.046224683681046784,0.07540562924505957,0.048504436612140295,0.09376054367517958
0.45,0.7165019535738911,0.614903340521318,0.8631202123360658,0.898184325442427,0.9039812042679148,0.7057339766415062,0.04673255217811591,0.07607446021626578,0.049497632125059046,0.09465256986760281
0.455,0.716501953573891,0.6158518507887667,0.8621906286223084,0.898184325442427,0.9030158518756649,0.7064152137647101,0.04809048364422201,0.07728424303657948,0.05000745137661025,0.09570146335800542
0.46,0.7165019535738911,0.6175292019241442,0.8612812515624375,0.898184325442427,0.9008223991926095,0.7070816426220641,0.04869444867873336,0.07844273716252041,0.050394121404993684,0.09695477850216369
0.465,0.716501953573891,0.6181819472654541,0.8603914327347854,0.898184325442427,0.8986761154555574,0.7077337384035965,0.04992054799506686,0.07908205622980889,0.05129016533529451,0.09753390343237826
0.47000000000000003,0.7165019535738911,0.6190653150769463,0.8595205444431482,0.898184325442427,0.89804251372727,0.7083719611108652,0.05036748722345896,0.07995227340811205,0.05151307445449341,0.09908091510349493
0.47500000000000003,0.716501953573891,0.6198212237023187,0.8586679924618082,0.898184325442427,0.8969383913750243,0.7089967462168802,0.05128887565374378,0.08128802933800902,0.05176718816923178,0.10105897158474439
0.48000000000000004,0.7165019535738911,0.6205374235115305,0.8578332001245322,0.898184325442427,0.8958572739605778,0.7096085163263414,0.05194208019284595,0.08186815089382934,0.053140285724284315,0.10391081133282215
0.485,0.716501953573891,0.6206583573893116,0.8570156218893797,0.898184325442427,0.8940876238307447,0.7102076712347877,0.05307465830405634,0.08363997491666023,0.053493943572964935,0.10495853455242016
0.49,0.716501953573891,0.621250569387359,0.8562147270063067,0.898184325442427,0.8923540916010578,0.7107945998976491,0.05440926089009713,0.0853662541551524,0.05402485675644393,0.10559295531954128
0.495,0.716501953573891,0.623100700442522,0.8554300137631801,0.898184325442427,0.890655577530392,0.7113696699901824,0.0554847494060219,0.08589689238589164,0.05469353783647531,0.10825174810015516
0.5,0.716501953573891,0.6244541484716157,0.85466099281623,0.898184325442427,0.8896805332107561,0.7119332401235987,0.05538956561709952,0.08687658009652953,0.055577610162763,0.10913747250221624
0.505,0.7165019535738911,0.6253256985557408,0.8539072019975152,0.898184325442427,0.887587010521639,0.7124856489935467,0.05666160805690664,0.08874709695660077,0.05653389026457114,0.10993235584742697
0.51,0.716501953573891,0.6266353009566056,0.8531681895334469,0.898184325442427,0.8839527545849344,0.7130272276782665,0.05723272996802787,0.09013028341421712,0.056971712587667526,0.11214868227097798
0.515,0.7165019535738911,0.6257974350724328,0.8524435285521538,0.898184325442427,0.879164046401082,0.7135582890069974,0.0580159015391577,0.09037092355138027,0.057750366266497294,0.11323502276874345
0.52,0.716501953573891,0.6271856153397314,0.8517328017531338,0.8981843254424271,0.8753602175765315,0.7140791387946849,0.058784010859295466,0.09104891907529974,0.05841753120297783,0.11469806487419931
0.525,0.7165019535738911,0.6282080822216575,0.8518044273391916,0.898184325442427,0.8720491287704123,0.7145900665441262,0.05922009150220076,0.0925895535817983,0.05972823244320963,0.11642749357969806
0.53,0.716501953573891,0.6294367392652725,0.8527255781303478,0.8981843254424271,0.8679548831510331,0.7150913551574715,0.05984310714337417,0.09583570057018617,0.061821494621342496,0.11812268011885163
0.535,0.716501953573891,0.6303352716289988,0.853629509437926,0.8981843254424271,0.8656297822981607,0.7155832729586454,0.06057260511366781,0.09708800535949594,0.06291099684677134,0.11830166104694727
0.54,0.716501953573891,0.6320556351962618,0.8545167028558839,0.8981843254424271,0.8627390888962342,0.7160660820302187,0.06192701570728041,0.09812133138331838,0.06391169148709777,0.11949165943351266
0.545,0.716501953573891,0.6329874672462328,0.8553876160471351,0.8981843254424271,0.8595704020033341,0.7165400314315306,0.0626240099174321,0.09931282380845291,0.06515190792388847,0.12079123906810926
0.55,0.716501953573891,0.6345667648250927,0.8562426957812129,0.8981843254424271,0.8579010083637334,0.7170053642937619,0.06393514577674193,0.10031131465800393,0.06677206386308494,0.12237842556099858
0.555,0.716501953573891,0.6359954493362436,0.8570823674634156,0.8981843254424271,0.8571313197053516,0.7174623121217156,0.06480854627858688,0.10137670655250137,0.06782573497551544,0.12433113010461426
0.56,0.716501953573891,0.6376038333035381,0.8579070461092032,0.8981843254424271,0.8555094105082388,0.7179111007660628,0.06484552020163191,0.10280887854752402,0.06975023122182382,0.12568451187268406
0.5650000000000001,0.716501953573891,0.6392590108080548,0.8587171276791978,0.8981843254424271,0.8551853593078794,0.7183519457078658,0.06602692407553684,0.10393297948549667,0.07098475245818398,0.1256155126689705
0.5700000000000001,0.716501953573891,0.6401311235703,0.8595129981864507,0.8981843254424271,0.8552460205733756,0.7187850570147372,0.06632877330272902,0.10523896554414755,0.07290583572236967,0.12680271046420144
0.5750000000000001,0.716501953573891,0.6412618755685039,0.8602950266700621,0.8981843254424271,0.8553056255774913,0.719210635517095,0.06695112628665804,0.10692194795033451,0.07439680010272548,0.12888212192450788
0.5800000000000001,0.716501953573891,0.6417787410072733,0.8610635726115704,0.8981843254424271,0.8559585977390972,0.7196288768441499,0.06835527342505016,0.10817965011616634,0.07586629475848318,0.130844493370601
0.585,0.716501953573891,0.6423516016360781,0.8618189803961775,0.8981843254424271,0.8564039691755434,0.7200399684097126,0.06894966733157902,0.10921941605799981,0.07791163545293739,0.13318151727282312
0.59,0.716501953573891,0.643565280094253,0.8625615851968835,0.8981843254424271,0.8570365658957277,0.720444092614331,0.06894966712930845,0.1114452501584601,0.07899637309587001,0.1338469397934764
0.595,0.716501953573891,0.6441096370410975,0.863291708786788,0.8981843254424271,0.8580448026311225,0.7208414245663498,0.07010848523115994,0.11337102157215119,0.08100668138974489,0.134851503746356
0.6,0.7165019535738911,0.6451007410414485,0.8640096640339364,0.8981843254424271,0.8589979365510539,0.7212321345280003,0.07105646253298574,0.11434153135361855,0.0832704018938924,0.13656793016211283
0.605,0.716501953573891,0.6461343523497779,0.8647157519411145,0.8981843254424271,0.8590615616980865,0.7216163863044602,0.07179882705946536,0.11600068482869902,0.08480081789264964,0.1380384052511712
0.61,0.7165019535738911,0.6460206978154711,0.8654102648804446,0.8981843254424271,0.8600284079174534,0.7219943390041154,0.07290579560692532,0.11816013117308159,0.08660585284107894,0.13951098417710156
0.615,0.716501953573891,0.6477774452423433,0.8660934847486808,0.8981843254424271,0.8607926772973717,0.7223661460346757,0.07399476481911516,0.11958749869755984,0.08773218981183128,0.14111123971268855
0.62,0.7165019535738911,0.6491351613902723,0.8667656850581772,0.898184325442427,0.8619153170817501,0.722731956241075,0.07506616990857884,0.12140331182745465,0.08927844091235769,0.14230074291578126
0.625,0.716501953573891,0.6504711538403022,0.8674271301060882,0.8981843254424271,0.8624683971975518,0.723091913453352,0.07556883522968744,0.12282234047063553,0.09072940216874437,0.14321173933426337
0.63,0.7165019535738911,0.6508739074302362,0.8680780760272364,0.898184325442427,0.8627828724425196,0.7234461570596193,0.07551630215458839,0.12494847095626341,0.09292153082186592,0.14504145987425507
0.635,0.716501953573891,0.6516322591844722,0.8687187708849612,0.898184325442427,0.8633674574983256,0.7237948220555024,0.07618847734199335,0.12645657926412857,0.09510313791752913,0.1473846618126078
0.64,0.7165019535738911,0.6529174305183251,0.8693494547814956,0.898184325442427,0.864075786291967,0.7241380391042075,0.07702970631538464,0.1282032874339968,0.09691857163474088,0.1492794856674257
0.645,0.716501953573891,0.6538263483520527,0.8699703607865964,0.898184325442427,0.8640604754465343,0.7244759350418791,0.07746414398709651,0.1305571693041775,0.09909961787357942,0.1501653339130782
0.65,0.7165019535738911,0.6550748700024679,0.8705817141921532,0.898184325442427,0.8649293699035805,0.7248086324719609,0.07831975017370925,0.13282533949877232,0.10033312922443538,0.15095280840175235
0.655,0.7165019535738911,0.6552850038326207,0.8711837342022921,0.898184325442427,0.8656095547695348,0.7251362506849464,0.08049566128868416,0.13540977272097607,0.10221976306744383,0.15238786670417337
0.66,0.716501953573891,0.6561222406155587,0.8717766324109634,0.898184325442427,0.8664535486339916,0.7254589048298844,0.08241225723746537,0.13755110375377652,0.1038206456012576,0.15417589970159964
0.665,0.7165019535738911,0.6571525328443056,0.8723606151840247,0.898184325442427,0.86711204524056,0.7257767072107064,0.08395442369337909,0.13807214025070555,0.1057096973755756,0.15513237885466657
0.67,0.716501953573891,0.6581674459541229,0.872935881431386,0.898184325442427,0.8681037460806426,0.7260897660738292,0.08507222619506023,0.13961450024753835,0.10700895880240749,0.1570611652498445
0.675,0.7165019535738911,0.6596780633846563,0.8735026256177305,0.898184325442427,0.869080755749275,0.7263981872465859,0.08631476831614769,0.1414745019146326,0.10850438080888992,0.15850147455238456
0.68,0.716501953573891,0.6607676439707265,0.8740610348943421,0.898184325442427,0.8700433968763456,0.7267020725763703,0.0882758467462738,0.14313815714659983,0.11051766085119243,0.16047451002397378
0.685,0.7165019535738911,0.6612910520733764,0.8746112926806813,0.898184325442427,0.8709919856584578,0.7270015218797251,0.089730187493878,0.14460976380027224,0.11183565078303528,0.1616557349876447
0.6900000000000001,0.716501953573891,0.6617469225345746,0.8751535752152075,0.898184325442427,0.871926825912894,0.7272966310653045,0.09116344474208429,0.14606004378984644,0.11336517226860868,0.16294068230168282
0.6950000000000001,0.7165019535738911,0.6633536645920887,0.8756880556550567,0.898184325442427,0.8725175222988705,0.7275874943649124,0.09209823616021937,0.14715876154864493,0.11520025263875525,0.164049940752903
0.7000000000000001,0.7165019535738911,0.6641166212638627,0.8762149000999222,0.898184325442427,0.8734281109454732,0.7278742021697049,0.09396853995858188,0.14873428207963849,0.11734166034879404,0.16595898633989248
0.7050000000000001,0.7165019535738911,0.664394426140031,0.876734272161638,0.898184325442427,0.8743257844568293,0.7281568435169494,0.09568192545245294,0.15092478759484268,0.12010771122984805,0.1673433945160456
0.71,0.7165019535738911,0.6657721532078676,0.8772463285104419,0.898184325442427,0.8748871062613471,0.7284355036663093,0.09685647210648998,0.15327543385576237,0.12151456019828435,0.16909015362396393
0.715,0.7165019535738911,0.6666629159299148,0.8777512238703961,0.898184325442427,0.8756013003518583,0.7287102668183424,0.0972367096732891,0.15588892693534834,0.12339338399322025,0.17126685033045683
0.72,0.7165019535738911,0.6680201210041957,0.8782491061330691,0.898184325442427,0.8764651796429075,0.7289812134553759,0.09806812682437979,0.1565732025456173,0.1260550456752501,0.17255851077108525
0.725,0.716501953573891,0.6692001042184605,0.878740121738477,0.898184325442427,0.8773171445448436,0.7292484232698048,0.09889918183131195,0.15865555974680806,0.12761481939574446,0.17390319294633502
0.73,0.7165019535738911,0.6700490813162309,0.8792244103973323,0.898184325442427,0.8780000181393507,0.7295119722919489,0.10003368219699053,0.16072513739319094,0.12957722840105554,0.1757537046801929
0.735,0.716501953573891,0.6715119049190732,0.8797021108205989,0.898184325442427,0.8788299506483969,0.7297719360080664,0.10130910493804526,0.16260238880731262,0.13060982741175406,0.17752289486919245
0.74,0.7165019535738911,0.6729549571275197,0.8801733550879305,0.898184325442427,0.8796486665592724,0.7300283862956694,0.10303315876949376,0.16359705559773086,0.13235827275960432,0.17874490449645924
0.745,0.716501953573891,0.6732988944146185,0.8806382746920332,0.898184325442427,0.8803021445069612,0.7302813947128527,0.10535262281152762,0.1659712568932213,0.13394387461893908,0.18010146547567527
0.75,0.7165019535738911,0.6742511280965401,0.8810969945877194,0.898184325442427,0.8809469080578607,0.7305310292598022,0.10633570889040508,0.16816057123053435,0.1358155197855383,0.18205677401215586
0.755,0.716501953573891,0.6747341327501705,0.8815496394886315,0.898184325442427,0.8817353397973245,0.7307773578054589,0.10761170814892335,0.16971207026306956,0.13787577179095362,0.1841933607233357
0.76,0.716501953573891,0.6755857736118359,0.8819963277857273,0.898184325442427,0.8823621907184404,0.7310204447779703,0.10780945760636505,0.17109194025512878,0.13968476547669276,0.18632437615090564
0.765,0.716501953573891,0.6761318483744957,0.8824371777255511,0.898184325442427,0.8831310658791084,0.7312603545268945,0.10936258302986308,0.17259949267982583,0.14205244762878202,0.18761460473910788
0.77,0.716501953573891,0.67629474460261,0.8828723016806507,0.898184325442427,0.8837407127918088,0.731497148205171,0.11193127779992738,0.17476203507161997,0.1439456112958562,0.18894482289344205
0.775,0.716501953573891,0.6777900516352784,0.8833018117525221,0.898184325442427,0.8843424943743751,0.7317308868182335,0.1132850439717659,0.1768966720658596,0.14521270419163107,0.19035089247851317
0.78,0.716501953573891,0.678971528553105,0.8837258147071555,0.898184325442427,0.8849365597980611,0.7319616284679428,0.11476878350487894,0.178497128596656,0.1473942221014899,0.19194415746063462
0.785,0.716501953573891,0.6798451775416315,0.8841444168895011,0.8981843254424271,0.8856694484042132,0.7321894310270307,0.1159408410548824,0.18079158927118655,0.14992801207909462,0.19418904541147214
0.79,0.716501953573891,0.680853228661359,0.8845577198095504,0.898184325442427,0.8863930590631365,0.7324143497370532,0.11747335382336609,0.1827864351046103,0.15200029300971202,0.19569049879651917
0.795,0.716501953573891,0.6812704079055285,0.8849658244152,0.8981843254424271,0.8871075685143845,0.7326364395336751,0.11852982563150412,0.18532427163517418,0.15396540608557852,0.19711896518252509
0.8,0.716501953573891,0.6823144138593644,0.8853688272849335,0.8981843254424271,0.8878131458475446,0.7328557529747342,0.11994369169948828,0.1870259719673458,0.15582030111315873,0.1992027240846441
0.805,0.716501953573891,0.6826445280001663,0.8857668243025684,0.8981843254424271,0.8885099589359828,0.7330723422400327,0.12191100520956545,0.18887783184923784,0.158580214560812,0.20166273772068113
0.81,0.7165019535738911,0.683626013237321,0.8861599074157357,0.8981843254424271,0.8889144252757051,0.7332862573673071,0.1237121598462135,0.19047983476778174,0.16060882929474227,0.2035971454369569
0.8150000000000001,0.716501953573891,0.6844389478151406,0.886548167752886,0.8981843254424271,0.8894549307806391,0.7334975479484971,0.12492720832698188,0.1920438574958796,0.1633663876963291,0.2055455902665473
0.8200000000000001,0.7165019535738911,0.6853821086603336,0.8869316929096388,0.8981843254424271,0.8899888442308962,0.7337062616529824,0.1261274397352783,0.19292452729392476,0.16619672312189154,0.20752186604068662
0.8250000000000001,0.716501953573891,0.6861745463497877,0.8873105695455616,0.8981843254424271,0.8906555787326158,0.7339124456407442,0.12731312234189707,0.19417340540985176,0.16815722191404264,0.20928091533467652
0.8300000000000001,0.7165019535738911,0.687926607413861,0.8876848811631152,0.8981843254424271,0.8913142798668504,0.7341161453536728,0.12968352005480518,0.19563429623966916,0.17005720495966245,0.2124382968603211
0.8350000000000001,0.716501953573891,0.6885566940978132,0.8880547102190827,0.8981843254424271,0.8919650927383046,0.7343174056646019,0.13172964342160995,0.1976515804640967,0.17223681687795978,0.21489863167375314
0.84,0.7165019535738911,0.6897264983915975,0.8884201363632843,0.8981843254424271,0.8926081575120829,0.7345162699188214,0.13361460066754266,0.19946153674825878,0.17463360625964902,0.2169674537392044
0.845,0.716501953573891,0.6903384780645442,0.8887812380971036,0.8981843254424271,0.893107616934006,0.7347127808366437,0.1354772529891558,0.20116303036940397,0.17723756436600663,0.21912887828922697
0.85,0.7165019535738911,0.6908080618682987,0.8891380914414038,0.8981843254424271,0.893736395552463,0.7349069797884867,0.13857531114341665,0.20319872453517582,0.1804285683472894,0.22139419966440887
0.855,0.716501953573891,0.6919441780717992,0.8894907711723553,0.8981843254424271,0.8943578202288107,0.7350989074674085,0.14048124728148165,0.20526436515643487,0.1821922449433753,0.22380376217643308
0.86,0.7165019535738911,0.6928372545558995,0.8898393498900716,0.8981843254424271,0.8948383954994228,0.7352886033822612,0.14173699401879608,0.20684900097445177,0.18458815258341682,0.22654796356811108
0.865,0.716501953573891,0.6939113050616081,0.8901838988598758,0.8981843254424271,0.8954462660952629,0.7354761063155061,0.14337677735991736,0.2083409144366854,0.1865080673075519,0.22838613854099737
0.87,0.7165019535738911,0.6952741729679422,0.8905244874551014,0.8981843254424271,0.8957829746301285,0.7356614540199874,0.14486562453162463,0.2106795379783841,0.1892268772834254,0.22980592384804976
0.875,0.716501953573891,0.6960961345525685,0.8908611836300215,0.898184325442427,0.8963785005021506,0.7358446834762987,0.1469941201032552,0.21292313499288815,0.19146068695128501,0.23209771015319974
0.88,0.7165019535738911,0.6965483400618712,0.8911940537120445,0.8981843254424271,0.8968366725442672,0.7360258307796974,0.14873801262288552,0.21517519239372968,0.19368239825569974,0.2345784804642969
0.885,0.716501953573891,0.6974524970890917,0.8915231625307648,0.898184325442427,0.897289667466726,0.7362049312103325,0.15052971500293474,0.21658765444437555,0.19603005068641616,0.2362127371505151
0.89,0.7165019535738911,0.6987648446211632,0.8918485735364307,0.898184325442427,0.897866691853982,0.7363820192977157,0.15184421034098247,0.21846973120488292,0.19791259617292542,0.23869289864428664
0.895,0.716501953573891,0.7001536946504371,0.8921703486079392,0.898184325442427,0.8983088710502208,0.7365571287162325,0.15317868287510938,0.22020238150110025,0.20011153338318874,0.24122721294748448
0.9,0.7165019535738911,0.7012436495220992,0.8924885484759888,0.898184325442427,0.8988738218460484,0.73673029251542,0.15447278821279303,0.22217114897459078,0.2026297331143097,0.24269056859872676
0.905,0.716501953573891,0.7019799845219957,0.8928032322313231,0.898184325442427,0.8991785716704153,0.7369015428523554,0.15681922416503422,0.224245141599555,0.2043368173099076,0.24489454586913487
0.91,0.7165019535738911,0.7028597688116555,0.8931144580323963,0.898184325442427,0.8997325356721014,0.7370709113767655,0.15898833449474106,0.22614732820987038,0.20565318822844914,0.247381942105038
0.915,0.716501953573891,0.7037299373140085,0.8934222823337693,0.898184325442427,0.9000292624425396,0.7372384288111212,0.1604216324477095,0.22845071811183493,0.20780039495233488,0.24914715882603916
0.92,0.7165019535738911,0.7049653746573268,0.8937267608594329,0.898184325442427,0.900342751680774,0.7374041254803188,0.16288109714091695,0.2297073141427502,0.20938529646614948,0.2513555098510596
0.925,0.716501953573891,0.7058147541957683,0.8940279475699566,0.898184325442427,0.9008615599021212,0.7375680307496036,0.16440457631787908,0.23082609235821894,0.21101237798916422,0.2532645122156205
0.93,0.7165019535738911,0.7066550015242358,0.8943258958838352,0.898184325442427,0.9009002995882212,0.7377301736892252,0.1663194473245066,0.2332920628147611,0.2139410532276815,0.25484562890652224
0.935,0.716501953573891,0.7076091662035432,0.8946206574007837,0.898184325442427,0.9013073394121249,0.737890582379656,0.16817941860680105,0.23417936721911603,0.2160504482419974,0.25731130568947774
0.9400000000000001,0.7165019535738911,0.7082010994224279,0.8949122833546079,0.898184325442427,0.9015877981986787,0.7380492847022415,0.1701589741274916,0.2366636173323597,0.2187269242508171,0.2592860881366881
0.9450000000000001,0.7165019535738911,0.7093656012413696,0.8952008231089142,0.898184325442427,0.9016220800854677,0.7382063075205683,0.1724349696400577,0.23851355438219937,0.2208572124056753,0.2606030544391531
0.9500000000000001,0.7165019535738911,0.7106533279523931,0.895486325826062,0.898184325442427,0.901776965843371,0.738361677588704,0.17369267694096893,0.2399932263137341,0.2233237043902844,0.2630472980604294
0.9550000000000001,0.7165019535738911,0.7116869073376577,0.895768838750515,0.898184325442427,0.9015692363114374,0.7385154206170017,0.17585293337045818,0.2424669790127795,0.22583813370736103,0.26527210944930146
0.9600000000000001,0.7165019535738911,0.7121112001866641,0.8960484090794129,0.898184325442427,0.9010045582346659,0.7386675622900603,0.17716233834666822,0.24502508922132663,0.22771425459377684,0.26657545162533014
0.965,0.7165019535738911,0.7130074310382515,0.8963250820478211,0.898184325442427,0.9003266472112101,0.7388181272247214,0.17898333242718178,0.2469124455958099,0.22936023171869038,0.26831348872088073
0.97,0.716501953573891,0.7136645924232378,0.8965989029873733,0.898184325442427,0.9002480765570441,0.7389671400903791,0.18137079454771363,0.24902439795379247,0.23119852224894177,0.2695152217324591
0.975,0.7165019535738911,0.7146544551121499,0.8968699152267738,0.898184325442427,0.8999345858695643,0.7391146244664366,0.18344736266706896,0.2512184028614159,0.23394759321878814,0.27175695736927846
0.98,0.716501953573891,0.7151722098505773,0.897138162325812,0.898184325442427,0.8999760786342291,0.7392606040580537,0.18550743681201595,0.2537488445817513,0.23629907835973507,0.27393092815647285
0.985,0.7165019535738911,0.7155132107787533,0.897403685803633,0.898184325442427,0.8999004834749437,0.7394051014598748,0.18823725410100028,0.25590359394311296,0.2386679288856339,0.2764148962308903
0.99,0.716501953573891,0.7154978887505271,0.8976665275362191,0.898184325442427,0.8993613449794441,0.7395481394607346,0.1902476846327585,0.2583848132337578,0.2411826839677503,0.27858311908659805
0.995,0.7165019535738911,0.7154238200640788,0.8979267273241582,0.898184325442427,0.8987121307614436,0.7396897397200417,0.19235339842049626,0.2606101039164903,0.24397902846568975,0.28105246749143276
1.0,0.716501953573891,0.716501953573891,0.898184325442427,0.898184325442427,0.898184325442427,0.7398299241553666,0.19524247299471387,0.2629280625143645,0.24638014249597795,0.2838427947598253
