dataset,seed,method,OA,AA,kappa,macro_F1,AURC,E-AURC,risk@50,risk@80,op_fine_coverage,op_selective_risk,op_coarse_rate,op_coarse_accuracy,op_abstain_rate,op_hierarchical_accuracy,op_mean_depth,op_mean_set_size
indian_pines,0,B1 Flat FCM,0.2834980464261089,0.3496346594290119,0.2254836283347728,0.2664154451967208,0.716501953573891,0.3573223104370187,0.716501953573891,0.716501953573891,,,,,,,,
indian_pines,0,B2 Flat FCM + max-membership,0.2834980464261089,0.3496346594290119,0.2254836283347728,0.2664154451967208,0.6006620298618947,0.2414823867250223,0.6244541484716157,0.6822752082734846,,,,,,,,
indian_pines,0,SG-HFQ,0.1018156745575729,0.1210262268282406,0.0484840108755266,0.0391414805078459,0.8919129863688161,0.2262842591047915,0.85466099281623,0.8853725091586668,0.5226384739140427,0.851363236587511,0.2808549758676166,0.3972995090016367,0.1965065502183406,0.3857733854286371,2.6629510457366123,5.07733854286371
indian_pines,0,"B3 HFCM, no gating",0.1018156745575729,0.1210262268282406,0.0484840108755266,0.0391414805078459,0.8981843254424271,0.2325555981784025,0.898184325442427,0.8981843254424271,,,,,,,,
indian_pines,0,B4 HFCM + entropy gating,0.1018156745575729,0.1210262268282406,0.0484840108755266,0.0391414805078459,0.9171248549784112,0.2514961277143867,0.8896805332107561,0.887819592071244,0.537117903930131,0.8643560119811724,0.3454378303838198,0.4846972721224218,0.1174442656860491,0.3577338542863709,2.7106412319007123,4.440128706044588
indian_pines,0,SG-HFQ (class-seeded),0.2601700758446334,0.3595505148575743,0.1973624692068564,0.2348795712747317,0.7224630857310704,0.3328887780310418,0.7119332401235987,0.7328577566438359,0.37117903930131,0.6925696594427244,0.4305906688117674,0.8460101414464906,0.1982302918869225,0.6766260629740289,3.632038611813376,7.259940243622156
indian_pines,0,SVM (RBF),0.8047575270052861,0.6801017088017854,0.7751283327068688,0.7123022051559506,0.0677831515804124,0.0473342680018282,0.0553895656170995,0.1199367997701809,,,,,,,,
indian_pines,0,"SVM (RBF), Phase 1 features",0.7370719374856355,0.6546829431575815,0.6948503750893313,0.686725378025926,0.1062774284638696,0.0681926353405932,0.0868765800965295,0.1870152255099109,,,,,,,,
indian_pines,0,Random Forest,0.753619857504022,0.6615800359625122,0.7149877891549584,0.6926582356131665,0.0845161029075001,0.0512961479033601,0.055577610162763,0.1558410682621918,,,,,,,,
indian_pines,0,"Random Forest, Phase 1 features",0.7161572052401747,0.6310499754282478,0.6711158317850252,0.6421294441373782,0.1226853007279369,0.0779192737302254,0.1091374725022162,0.1992243608158575,,,,,,,,
indian_pines,1,B1 Flat FCM,0.301999540335555,0.354342455786132,0.2425528973197014,0.286947110821788,0.6980004596644449,0.3615529418626479,0.6980004596644449,0.698000459664445,,,,,,,,
indian_pines,1,B2 Flat FCM + max-membership,0.301999540335555,0.354342455786132,0.2425528973197014,0.286947110821788,0.6010645074564103,0.2646169896546133,0.6223856584693174,0.6739442688882505,,,,,,,,
indian_pines,1,SG-HFQ,0.1010112617789014,0.1269704850553918,0.0474977280463784,0.0414138879679134,0.8963956143660602,0.2289259004987491,0.8579746682532673,0.885392372150999,0.5389565617099518,0.8524520255863539,0.2666053780740059,0.4172413793103448,0.1944380602160423,0.3851988048724431,2.721098598023443,5.014939094461044
indian_pines,1,"B3 HFCM, no gating",0.1010112617789014,0.1269704850553918,0.0474977280463784,0.0414138879679134,0.8989887382210986,0.2315190243537875,0.8989887382210986,0.8989887382210986,,,,,,,,
indian_pines,1,B4 HFCM + entropy gating,0.1010112617789014,0.1269704850553918,0.0474977280463784,0.0414138879679134,0.9186881698615434,0.2512184559942324,0.8938175132153527,0.884659580580293,0.5328660078142956,0.8779383221910718,0.359917260399908,0.5012771392081737,0.1072167317857963,0.3526775453918639,2.72523557802804,4.401746724890829
indian_pines,1,SG-HFQ (class-seeded),0.2984371408871524,0.3854796362560783,0.2224927008956149,0.2486078084718372,0.5671223716554038,0.2263881880369759,0.6184573289061431,0.6807924450709537,0.3329119742587911,0.535036244390749,0.4736842105263157,0.8716642406598738,0.1934038152148931,0.7610894047345438,3.830958400367732,6.887152378763503
indian_pines,1,SVM (RBF),0.7955642381061825,0.7516588556070956,0.7652724384723776,0.7467831960931012,0.0671664567400232,0.0446674198744093,0.0461962767179958,0.1295604711289859,,,,,,,,
indian_pines,1,"SVM (RBF), Phase 1 features",0.7459204780510228,0.6889479926596458,0.7063461342102599,0.6884646996594845,0.1036756194513576,0.0682378550294338,0.0910135601011261,0.1782533754668198,,,,,,,,
indian_pines,1,Random Forest,0.74523098138359,0.6261458550024673,0.705687794587428,0.652643044763547,0.0957123471552131,0.0600721078598612,0.0716406190147858,0.1805578107240548,,,,,,,,
indian_pines,1,"Random Forest, Phase 1 features",0.7039760974488624,0.6675354566871949,0.6576821241162577,0.6597613169797365,0.1186652131316739,0.0697275689808734,0.0979516203171684,0.2171584520047605,,,,,,,,
indian_pines,2,B1 Flat FCM,0.2764881636405424,0.3802309483730073,0.2201080447979794,0.2765942339529592,0.7235118363594576,0.3554080946748548,0.7235118363594576,0.7235118363594576,,,,,,,,
indian_pines,2,B2 Flat FCM + max-membership,0.2764881636405424,0.3802309483730073,0.2201080447979794,0.2765942339529592,0.6587097203292172,0.2906059786446143,0.684440358538267,0.7101407641482332,,,,,,,,
indian_pines,2,SG-HFQ,0.1744426568604918,0.0767201086058121,0.0767786690207182,0.0407021077998691,0.7810886522737529,0.2600885314093683,0.7770900010196071,0.8133959846606873,0.5048264766720294,0.7778283633052584,0.3117674097908526,0.3859196461481755,0.1834061135371179,0.4158814065732015,2.6277867156975407,5.038037232820042
indian_pines,2,"B3 HFCM, no gating",0.1744426568604918,0.0767201086058121,0.0767786690207182,0.0407021077998691,0.8255573431395079,0.3045572222751233,0.8255573431395081,0.8255573431395081,,,,,,,,
indian_pines,2,B4 HFCM + entropy gating,0.1744426568604918,0.0767201086058121,0.0767786690207182,0.0407021077998691,0.8389810722447852,0.3179809513804006,0.7915421742128247,0.8132720482619937,0.5096529533440588,0.7918827508455468,0.3725580326361756,0.4546576187538556,0.1177890140197655,0.3932429326591588,2.659388646288209,4.521144564467939
indian_pines,2,SG-HFQ (class-seeded),0.287405194208228,0.2855049886260587,0.2188712508974257,0.2447143540761694,0.5848782179818762,0.2305971534455325,0.6371604597770624,0.6937416368653724,0.2589059986210066,0.4966711051930759,0.5507929211675477,0.8220321301898602,0.1903010802114456,0.7733854286370949,2.774304757527005,7.720638933578487
indian_pines,2,SVM (RBF),0.8051022753390026,0.6788619390653468,0.775305397242311,0.7074794130923788,0.0726989083392521,0.0523248549885043,0.061824867846472,0.1236713588049411,,,,,,,,
indian_pines,2,"SVM (RBF), Phase 1 features",0.7370719374856355,0.5877696103422861,0.6955542319697832,0.6136398079372752,0.1123486106464195,0.0742638175231431,0.1094001378993334,0.188451594369434,,,,,,,,
indian_pines,2,Random Forest,0.7656860491840957,0.6543166094860859,0.7290991168770494,0.681893965754582,0.0910637856304934,0.0611615694886434,0.0681682371868536,0.1613564545193387,,,,,,,,
indian_pines,2,"Random Forest, Phase 1 features",0.7201792691335325,0.6348896122606962,0.6755550634720594,0.6582101822961095,0.1202052735256657,0.0767709928495782,0.0986682499553104,0.1999977902017546,,,,,,,,
indian_pines,3,B1 Flat FCM,0.2832682142036313,0.3470212319886116,0.229635365854749,0.2724169673175992,0.7167317857963686,0.3572623212505754,0.7167317857963686,0.7167317857963688,,,,,,,,
indian_pines,3,B2 Flat FCM + max-membership,0.2832682142036313,0.3470212319886116,0.229635365854749,0.2724169673175992,0.6124130240912001,0.2529435595454068,0.6410020684900023,0.684286124676817,,,,,,,,
indian_pines,3,SG-HFQ,0.1121581245690645,0.0750498145157436,0.0509687016942692,0.0342581724573351,0.8942134449404419,0.2517052222782304,0.8558079744643553,0.8798357008141804,0.4449551827166169,0.8478822314049587,0.3653183176281314,0.3516829191569676,0.1897264996552516,0.3858883015398759,2.6075614801195126,5.201792691335325
indian_pines,3,"B3 HFCM, no gating",0.1121581245690645,0.0750498145157436,0.0509687016942692,0.0342581724573351,0.8878418754309354,0.245333652768724,0.8878418754309354,0.8878418754309354,,,,,,,,
indian_pines,3,B4 HFCM + entropy gating,0.1121581245690645,0.0750498145157436,0.0509687016942692,0.0342581724573351,0.9111163645338514,0.2686081418716399,0.8575040220638933,0.8767595518529159,0.4787405194208228,0.8701392222755641,0.4085267754539186,0.4365682137834036,0.1127327051252585,0.3532521259480579,2.658354401287061,4.517007584463342
indian_pines,3,SG-HFQ (class-seeded),0.2911974258791082,0.3814570543578219,0.2194684354703551,0.2571551003081249,0.6548987505571673,0.3053213849045417,0.6789332088778026,0.7013373779814239,0.302574120891749,0.6399544246107103,0.4981613422201792,0.9151095732410612,0.1992645368880717,0.7640772236267525,3.4048494598942773,6.946219259940244
indian_pines,3,SVM (RBF),0.7972879797747644,0.6983214102871727,0.7671023201575234,0.7259134547724223,0.0679065115383537,0.0457999337178396,0.0487244311652493,0.1278368284975581,,,,,,,,
indian_pines,3,"SVM (RBF), Phase 1 features",0.7254654102505171,0.6108382801375307,0.6813375806781272,0.6536594116764957,0.1201410946100036,0.078422967560344,0.1114686279016318,0.2016661878770468,,,,,,,,
indian_pines,3,Random Forest,0.7309813835899793,0.6204597884670688,0.6887636130708947,0.6462521476239458,0.1000652662060622,0.0600968459425041,0.0828633559040362,0.191671454562865,,,,,,,,
indian_pines,3,"Random Forest, Phase 1 features",0.6898414157664905,0.6177564813310459,0.6403375746389142,0.642752938612646,0.1327077717401238,0.0786650285519433,0.117316581118006,0.2336561743341404,,,,,,,,
indian_pines,4,B1 Flat FCM,0.2783268214203631,0.3915208603491338,0.218966859869201,0.2713248047352827,0.721673178579637,0.3559271974736935,0.7216731785796369,0.7216731785796369,,,,,,,,
indian_pines,4,B2 Flat FCM + max-membership,0.2783268214203631,0.3915208603491338,0.218966859869201,0.2713248047352827,0.6539822754439446,0.2882362943380012,0.6860491840956102,0.7051134731399024,,,,,,,,
indian_pines,4,SG-HFQ,0.1853596874281774,0.0723962578027943,0.0798904629479274,0.0424929377205719,0.7593877148770849,0.2571163988678799,0.7598340869967102,0.8012024940322203,0.5686049184095611,0.7738480194017785,0.2576419213973799,0.4620874219446922,0.173753160193059,0.4213973799126637,3.1690415996322683,4.7040910135601015
indian_pines,4,"B3 HFCM, no gating",0.1853596874281774,0.0723962578027943,0.0798904629479274,0.0424929377205719,0.8146403125718227,0.3123689965626177,0.8146403125718226,0.8146403125718226,,,,,,,,
indian_pines,4,B4 HFCM + entropy gating,0.1853596874281774,0.0723962578027943,0.0798904629479274,0.0424929377205719,0.8184880515017618,0.3162167354925569,0.7809698919788555,0.7989083596667624,0.5707883245230981,0.7843768874572177,0.3179728797977476,0.5348753162269606,0.1112387956791542,0.404389795449322,3.1645598712939558,4.257986669731096
indian_pines,4,SG-HFQ (class-seeded),0.2887841875430935,0.300699711927501,0.2001648896588663,0.2185734206118811,0.6554647405815772,0.302899866985431,0.6683068042538416,0.7004916420642991,0.3592277637324753,0.634676903390915,0.4331188232590209,0.8543380206951446,0.2076534130085038,0.7089174902321306,3.87405194208228,6.848540565387268
indian_pines,4,SVM (RBF),0.7969432314410481,0.7093281344722588,0.7666047368034953,0.74724748786658,0.0729751628394718,0.0507903916072902,0.0533210756148012,0.1279804653835105,,,,,,,,
indian_pines,4,"SVM (RBF), Phase 1 features",0.7355780280395311,0.5853804057039285,0.6936024692241765,0.616466544189037,0.1133518807083395,0.0748097401581202,0.0919328889910365,0.1933352484918127,,,,,,,,
indian_pines,4,Random Forest,0.7564927602849919,0.6538489886978377,0.7185176118814434,0.6847661005323401,0.088041538748839,0.0556289297842219,0.065325389388823,0.161611083544436,,,,,,,,
indian_pines,4,"Random Forest, Phase 1 features",0.707538496897265,0.6296205914167063,0.661334496462725,0.6445451519583225,0.1347555257967763,0.0870595288590651,0.1225423622573703,0.2200876185004309,,,,,,,,
indian_pines,0,Gaussian process (Dirichlet GP),0.8118823259020915,0.7671052956380826,0.7832430299372336,0.7927274999029417,0.05653066873524294,0.03759835590461039,0.03700298781889221,0.10657856937661592,,,,,,,,
indian_pines,1,Gaussian process (Dirichlet GP),0.8128016547920018,0.7547037148436313,0.7848599515421997,0.7637754540318908,0.05713851393736621,0.038397321645241324,0.03608365892898184,0.1131858661304223,,,,,,,,
indian_pines,2,Gaussian process (Dirichlet GP),0.8101585842335095,0.763874069813536,0.7808103499653766,0.7928298660007131,0.06167006529513237,0.04237659471917106,0.04389795449321995,0.11332950301637461,,,,,,,,
indian_pines,3,Gaussian process (Dirichlet GP),0.8010802114456447,0.7297798944402831,0.7709344332985215,0.7519132913078073,0.05860477494967554,0.037348500209632485,0.03378533670420593,0.11404768744613616,,,,,,,,
indian_pines,4,Gaussian process (Dirichlet GP),0.8171684670190761,0.7562364454850429,0.7895040103590756,0.7878260996721433,0.05789370963314703,0.040046159907082754,0.03585382670650425,0.10945130709566217,,,,,,,,
