coverage,B1 Flat FCM,B2 Flat FCM + max-membership,SG-HFQ,"B3 HFCM, no gating",B4 HFCM + entropy gating,SG-HFQ (class-seeded),SVM (RBF),"SVM (RBF), Phase 1 features",Random Forest,"Random Forest, Phase 1 features",Gaussian process (Dirichlet GP)
0.005,0.3085,0.0,0.8111888111888111,0.6485000000000001,1.0,0.1372549019607843,0.0,0.0,0.0,0.0089126559714795,0.0
0.01,0.3085,0.0,0.8111888111888111,0.6485000000000001,1.0,0.1372549019607843,0.0,0.0,0.0,0.0089126559714795,0.0
0.015,0.3085,0.0,0.8111888111888113,0.6485,0.9666666666666668,0.1372549019607843,0.0,0.0,0.0,0.0089126559714795,0.0
0.02,0.3085,0.025,0.8111888111888111,0.6485000000000001,0.9,0.1372549019607843,0.0,0.0,0.0,0.0089126559714795,0.0
0.025,0.3085,0.04,0.8111888111888113,0.6485,0.86,0.1372549019607843,0.0,0.0,0.0,0.0089126559714795,0.0
0.03,0.3085,0.0499999999999999,0.8111888111888113,0.6485,0.8166666666666665,0.1372549019607843,0.0,0.0,0.0,0.0089126559714795,0.0
0.0349999999999999,0.3085,0.0571428571428571,0.8111888111888111,0.6485000000000001,0.8142857142857144,0.1372549019607843,0.0,0.0,0.0,0.0089126559714795,0.0
0.04,0.3085,0.05,0.8111888111888111,0.6485000000000001,0.8125,0.1372549019607843,0.0,0.0,0.0,0.0089126559714795,0.0
0.045,0.3085,0.0555555555555555,0.8111888111888113,0.6485000000000001,0.7777777777777778,0.1372549019607843,0.0,0.0,0.0,0.0089126559714795,0.0
0.0499999999999999,0.3085,0.06,0.8111888111888113,0.6485,0.79,0.1372549019607843,0.0,0.0,0.0,0.0089126559714795,0.0
0.055,0.3085,0.0727272727272727,0.8111888111888111,0.6485,0.8,0.1482280431432973,0.0,0.0,0.0,0.0089126559714795,0.0
0.06,0.3085,0.0833333333333333,0.8111888111888113,0.6485,0.8,0.1598870056497175,0.0,0.0,0.0,0.0089126559714795,0.0
0.065,0.3085,0.0769230769230769,0.8111888111888111,0.6485000000000001,0.8076923076923077,0.1697522816166884,0.0,0.0,0.0,0.0089126559714795,0.0
0.07,0.3085,0.0857142857142857,0.8111888111888111,0.6485000000000001,0.7928571428571428,0.1782082324455205,0.0,0.0,0.0,0.0089126559714795,0.0
0.075,0.3085,0.0933333333333333,0.8111888111888113,0.6485000000000001,0.7799999999999999,0.1855367231638418,0.0,0.0,0.0,0.0089126559714795,0.0
0.08,0.3085,0.0875,0.8111888111888111,0.6485000000000001,0.78125,0.1919491525423728,0.0,0.0,0.0,0.0089126559714795,0.0
0.085,0.3085,0.1058823529411764,0.8111888111888111,0.6485000000000001,0.788235294117647,0.1976071784646061,0.0,0.0,0.0,0.0089126559714795,0.0
0.09,0.3085,0.1000000000000001,0.8111888111888113,0.6485000000000001,0.7777777777777778,0.2026365348399246,0.0,0.0,0.0,0.0089126559714795,0.0
0.095,0.3085,0.1052631578947368,0.8111888111888113,0.6485,0.7684210526315789,0.2071364852809991,0.0,0.0,0.0,0.0089126559714795,0.0
0.1,0.3085,0.11,0.8111888111888113,0.6485,0.755,0.2111864406779661,0.0,0.0,0.0,0.0089126559714795,0.0
0.105,0.3085,0.1095238095238095,0.8111888111888111,0.6485,0.757142857142857,0.2148506860371267,0.0,0.0,0.0,0.0089126559714795,0.0
0.11,0.3085,0.109090909090909,0.8111888111888111,0.6485,0.7454545454545455,0.2181818181818181,0.0,0.0,0.0,0.0089126559714795,0.0
0.115,0.3085,0.1130434782608695,0.8111888111888113,0.6485,0.7478260869565218,0.2256753280164651,0.0,0.0,0.0,0.0089126559714795,0.0
0.12,0.3085,0.1124999999999999,0.8111888111888113,0.6485,0.7458333333333333,0.2325443786982248,0.0,0.0,0.0,0.0089126559714795,0.0
0.125,0.3085,0.112,0.8111888111888113,0.6485,0.748,0.2388639053254438,0.0,0.0,0.0,0.0089126559714795,0.0
0.13,0.3085,0.1115384615384615,0.8111888111888111,0.6485000000000001,0.7423076923076923,0.2446973145197997,0.0,0.0,0.0,0.0089126559714795,0.0
0.135,0.3085,0.1222222222222222,0.8111888111888111,0.6485,0.7444444444444445,0.2500986193293886,0.0,0.0,0.0,0.0089126559714795,0.0
0.14,0.3085,0.1214285714285714,0.8111888111888111,0.6485000000000001,0.75,0.2551141166525782,0.0,0.0,0.0,0.0089126559714795,0.0
0.145,0.3085,0.1172413793103448,0.808039175678433,0.6485,0.7448275862068966,0.2597837176086513,0.0,0.0,0.0,0.0089126559714795,0.0
0.15,0.3085,0.1133333333333333,0.8005325443786983,0.6485000000000001,0.7366666666666667,0.2641420118343195,0.0,0.0,0.0,0.0089126559714795,0.0
0.155,0.3085,0.1096774193548387,0.7935102118724947,0.6485,0.7354838709677419,0.2682191257873639,0.0,0.0,0.0,0.0089126559714795,0.0
0.16,0.3085,0.10625,0.786926775147929,0.6485000000000001,0.728125,0.2720414201183432,0.0,0.0,0.0,0.0089126559714795,0.0
0.165,0.3085,0.103030303030303,0.7807423345884884,0.6485,0.7181818181818181,0.2756320602474448,0.0,0.0,0.0,0.0089126559714795,0.0
0.17,0.3085,0.1058823529411764,0.7749216846501915,0.6485000000000001,0.7147058823529412,0.2790114862513053,0.0,0.0058823529411764,0.0,0.0089126559714795,0.0
0.175,0.3085,0.1057142857142857,0.7694336432797971,0.6485,0.7114285714285713,0.2821978021978022,0.0,0.0085714285714285,0.0,0.0089126559714795,0.0
0.18,0.3085,0.1055555555555555,0.7642504930966468,0.6485000000000001,0.711111111111111,0.285207100591716,0.0,0.0083333333333333,0.0,0.0089126559714795,0.0
0.185,0.3085,0.1054054054054054,0.7593475131936671,0.6485,0.7081081081081081,0.2880537342075803,0.0,0.0081081081081081,0.0,0.0089126559714795,0.0
0.19,0.3085,0.1078947368421052,0.7547025848645281,0.6485,0.7078947368421052,0.2907505450015571,0.0,0.0078947368421052,0.0,0.0089126559714795,0.0
0.195,0.3085,0.1076923076923077,0.7502958579881658,0.6485,0.7051282051282052,0.2932296924422908,0.0,0.0076923076923076,0.0,0.0089126559714795,0.0
0.2,0.3085,0.1075,0.7461094674556213,0.6485,0.705,0.2948884514435695,0.0,0.0075,0.0,0.0089126559714795,0.0
0.205,0.3085,0.1073170731707318,0.7421272910953961,0.6485,0.6975609756097559,0.2964662953716151,0.0,0.0073170731707317,0.0,0.0089126559714795,0.0
0.21,0.3085,0.111904761904762,0.7383347421808961,0.6485,0.688095238095238,0.2979690038745157,0.0,0.0071428571428571,0.0,0.0089126559714795,0.0
0.215,0.3085,0.1162790697674418,0.7347185908903261,0.6485000000000001,0.686046511627907,0.2994018189586767,0.0,0.0093023255813953,0.0,0.0089126559714795,0.0
0.22,0.3085,0.1159090909090909,0.731266810112964,0.6485,0.6840909090909091,0.3007695060844667,0.0,0.009090909090909,0.0,0.0089126559714795,0.0
0.225,0.3085,0.1155555555555555,0.7279684418145956,0.6485,0.6822222222222222,0.3020764071157772,0.0,0.0088888888888888,0.0,0.0089126559714795,0.0
0.23,0.3085,0.117391304347826,0.7248134808335477,0.6485,0.6782608695652174,0.3033264863631176,0.0,0.008695652173913,0.0,0.0089126559714795,0.0
0.235,0.3085,0.1212765957446809,0.7217927735112677,0.6485000000000001,0.676595744680851,0.3045233707488691,0.0,0.0085106382978723,0.0,0.0089126559714795,0.0
0.24,0.3085,0.1229166666666666,0.7188979289940829,0.6485,0.6812499999999999,0.305670384951881,0.0,0.0083333333333333,0.0,0.0089126559714795,0.0
0.245,0.3085,0.1224489795918367,0.7161212413959667,0.6485,0.6775510204081633,0.3067705822486474,0.0,0.0081632653061224,0.0,0.0089126559714795,0.0
0.25,0.3085,0.124,0.7134556213017752,0.6485,0.68,0.3078267716535433,0.0,0.008,0.0,0.0089126559714795,0.0
0.255,0.3085,0.1235294117647058,0.7108945353289244,0.6485000000000001,0.6823529411764706,0.3088415418660902,0.0,0.0078431372549019,0.0,0.0089126559714795,0.0
0.26,0.3085,0.125,0.7084319526627219,0.6485000000000001,0.6788461538461539,0.3098172824550777,0.0,0.0076923076923076,0.0,0.0089126559714795,0.0
0.265,0.3085,0.1226415094339622,0.7060622976443006,0.6485,0.6754716981132075,0.3107562026444808,0.0,0.0075471698113207,0.0,0.0089126559714795,0.0
0.27,0.3085,0.1222222222222222,0.7037804076265615,0.6485,0.6722222222222223,0.311660348012054,0.0,0.0074074074074074,0.0,0.0089126559714795,0.0
0.275,0.3085,0.1236363636363636,0.7015814954276494,0.6485,0.6709090909090909,0.312531615366261,0.0,0.0127272727272727,0.0,0.0089126559714795,0.0
0.28,0.3085,0.1214285714285714,0.6994611158072697,0.6485000000000001,0.6732142857142858,0.3133717660292463,0.0,0.0125,0.0,0.0089126559714795,0.0
0.285,0.3085,0.1245614035087719,0.6974151354718156,0.6485,0.6719298245614036,0.3141824377216005,0.0,0.0122807017543859,0.0,0.0087719298245614,0.0
0.29,0.3085,0.1241379310344827,0.6954397061824117,0.6485,0.6706896551724136,0.3149651552176667,0.0,0.0120689655172413,0.0,0.0086206896551724,0.0
0.295,0.3085,0.1220338983050847,0.6935312405977334,0.6485,0.6728813559322034,0.3157213399172561,0.0,0.011864406779661,0.0,0.0084745762711864,0.0
0.3,0.3085,0.1233333333333333,0.6916863905325444,0.6485000000000001,0.6683333333333333,0.3164523184601924,0.0,0.0116666666666666,0.0,0.0083333333333333,0.0
0.305,0.3085,0.121311475409836,0.6899020273547386,0.6485,0.6688524590163935,0.3171593304935244,0.0,0.0114754098360655,0.0,0.0081967213114754,0.0
0.31,0.3085,0.1258064516129032,0.6881752242794427,0.6485,0.6709677419354839,0.3178435356870713,0.0,0.0112903225806451,0.0,0.0080645161290322,0.0
0.315,0.3085,0.1238095238095238,0.6868356899073622,0.6485,0.6682539682539682,0.3185060200808232,0.0,0.0111111111111111,0.0,0.0079365079365079,0.0
0.32,0.3085,0.125,0.685756186006826,0.6485000000000001,0.665625,0.3191478018372703,0.0,0.0125,0.0,0.0078125,0.0
0.325,0.3085,0.1246153846153846,0.6847098976109215,0.6485,0.6676923076923077,0.3197698364627498,0.0,0.0123076923076923,0.0,0.0076923076923076,0.0
0.33,0.3085,0.1257575757575757,0.6836953149239838,0.6485,0.6651515151515152,0.3203730215541239,0.0,0.0121212121212121,0.0,0.0075757575757575,0.0
0.335,0.3085,0.1253731343283582,0.6827110182874025,0.6485,0.6626865671641791,0.3209582011203823,0.0,0.0134328358208955,0.0,0.0075811419095001,0.0
0.34,0.3085,0.1264705882352941,0.6817556715518972,0.6485000000000001,0.6661764705882353,0.3215261695229273,0.0,0.013235294117647,0.0,0.0077030812324929,0.0
0.345,0.3085,0.1275362318840579,0.6808280160261166,0.6485,0.6681159420289855,0.3220776750732245,0.0,0.0144927536231884,0.0,0.0078214860823556,0.0
0.35,0.3085,0.1285714285714285,0.6799268649439298,0.6485,0.6685714285714285,0.3226134233220847,0.0,0.0157142857142857,0.0,0.0079365079365079,0.0
0.355,0.3085,0.1295774647887323,0.6790510983992694,0.6485,0.6690140845070423,0.323134080070977,0.0,0.0154929577464788,0.0,0.0080482897384305,0.0
0.36,0.3085,0.1277777777777777,0.6781996587030718,0.6485000000000001,0.6666666666666666,0.3236402741324001,0.0,0.0152777777777777,0.0,0.0081569664902998,0.0
0.365,0.3085,0.1273972602739726,0.6773715461218384,0.6485,0.6684931506849315,0.3241325998633732,0.0,0.0150684931506849,0.0,0.0082191780821917,0.0013698630136986301
0.37,0.3085,0.1297297297297297,0.6765658149617194,0.6485,0.668918918918919,0.3246116194935092,0.0,0.0148648648648648,0.0,0.0081081081081081,0.0013513513513513514
0.375,0.3085,0.1306666666666666,0.6757815699658704,0.6485,0.6666666666666666,0.3250778652668416,0.0,0.0146666666666666,0.0,0.008,0.0013333333333333333
0.38,0.3085,0.131578947368421,0.6750179629962277,0.6485,0.6684210526315789,0.32553184141456,0.0,0.0144736842105263,0.0,0.0078947368421052,0.0013157894736842105
0.385,0.3085,0.1363636363636363,0.6742741899738487,0.6485000000000001,0.6688311688311688,0.3259740259740259,0.0,0.0142857142857142,0.0,0.0077922077922077,0.0012987012987012987
0.39,0.3085,0.1384615384615384,0.6735494880546076,0.6485,0.6666666666666666,0.3282051282051282,0.0,0.0141025641025641,0.0,0.0076923076923076,0.001282051282051282
0.395,0.3085,0.1379746835443038,0.6728431330193978,0.6485000000000001,0.6645569620253164,0.330379746835443,0.0012658227848101,0.0139240506329113,0.0,0.0076652601969057,0.0012658227848101266
0.4,0.3085,0.1425,0.6721544368600683,0.6485,0.6625,0.3325,0.00125,0.01375,0.0,0.0079166666666666,0.00125
0.405,0.3085,0.1432098765432098,0.671482745544179,0.6485,0.662962962962963,0.3345679012345679,0.0012345679012345,0.0135802469135802,0.0,0.0081618655692729,0.0012345679012345679
0.41,0.3085,0.1439024390243902,0.6708274369433115,0.6485,0.6658536585365854,0.3365853658536585,0.0012195121951219,0.0134146341463414,0.0,0.0084010840108401,0.001219512195121951
0.415,0.3085,0.144578313253012,0.6701879189111395,0.6485,0.6650602409638553,0.3385542168674699,0.0012048192771084,0.0132530120481927,0.0,0.008433734939759,0.0012048192771084336
0.42,0.3085,0.1476190476190476,0.6695636274987811,0.6485,0.663095238095238,0.3404761904761905,0.0011904761904761,0.013095238095238,0.0,0.0083333333333333,0.0011904761904761904
0.425,0.3085,0.1505882352941176,0.6689540252961252,0.6485000000000001,0.6611764705882353,0.3423529411764706,0.0011764705882352,0.0129411764705882,0.0,0.008235294117647,0.001176470588235294
0.43,0.3085,0.1523255813953488,0.66835859988888,0.6485000000000001,0.663953488372093,0.3441860465116279,0.0011627906976744,0.0127906976744186,0.0,0.0081395348837209,0.0011627906976744186
0.435,0.3085,0.157471264367816,0.6677768624220314,0.6485000000000001,0.6609195402298851,0.3459770114942528,0.0011494252873563,0.0126436781609195,0.0,0.0080459770114942,0.0011494252873563218
0.44,0.3085,0.1579545454545454,0.6672083462612474,0.6485,0.6636363636363637,0.3477272727272727,0.0011363636363636,0.0125,0.0,0.0079545454545454,0.0011363636363636363
0.445,0.3085,0.1584269662921348,0.6666526057445258,0.6485,0.6640449438202247,0.349438202247191,0.0011235955056179,0.0123595505617977,0.0,0.0078651685393258,0.0011235955056179776
0.45,0.3085,0.1577777777777777,0.6661092150170648,0.6485,0.6633333333333333,0.3511111111111111,0.0011111111111111,0.0122222222222222,0.0012962962962962,0.0077777777777777,0.0011111111111111111
0.455,0.3085,0.1571428571428571,0.6655777669429546,0.6485,0.6626373626373626,0.3527472527472527,0.001098901098901,0.0131868131868131,0.0021978021978021,0.0080745341614906,0.001098901098901099
0.46,0.3085,0.158695652173913,0.6652946369454866,0.6485,0.6619565217391304,0.3543478260869565,0.0010869565217391,0.0130434782608695,0.0021739130434782,0.0084593572778827,0.0010869565217391304
0.465,0.3085,0.1591397849462365,0.6655641067627314,0.6485,0.6645161290322581,0.3559139784946236,0.0010752688172043,0.0139784946236559,0.0021505376344086,0.0086021505376344,0.001075268817204301
0.47,0.3085,0.1595744680851063,0.6658278431796091,0.6485000000000001,0.6627659574468086,0.3574468085106383,0.001063829787234,0.0138297872340425,0.002127659574468,0.0085106382978723,0.0010638297872340424
0.475,0.3085,0.1589473684210526,0.6660860272508683,0.6485000000000001,0.6652631578947368,0.3589473684210526,0.0010526315789473,0.0136842105263157,0.0021052631578947,0.0084210526315789,0.0010526315789473682
0.48,0.3085,0.1593749999999999,0.6663388324873096,0.6485,0.6656249999999999,0.3604166666666666,0.0010416666666666,0.0135416666666666,0.0020833333333333,0.0083333333333333,0.0010416666666666664
0.485,0.3085,0.1597938144329896,0.6665864252446492,0.6485,0.6649484536082474,0.3618556701030928,0.0010309278350515,0.0134020618556701,0.002061855670103,0.0082474226804123,0.0010309278350515464
0.49,0.3085,0.1581632653061224,0.6668289650885735,0.6485,0.6622448979591836,0.363265306122449,0.0010204081632653,0.0142857142857142,0.0020408163265306,0.0088697017268445,0.0010204081632653062
0.495,0.3085,0.1616161616161616,0.6670666051376711,0.6485,0.6616161616161617,0.3646464646464646,0.001010101010101,0.0141414141414141,0.002020202020202,0.009090909090909,0.00101010101010101
0.5,0.3085,0.161,0.6672994923857868,0.6485,0.662,0.366,0.001,0.016,0.002,0.009,0.001
0.505,0.3085,0.1623762376237623,0.667527768005227,0.6485,0.6633663366336634,0.3673267326732673,0.0009900990099009,0.0158415841584158,0.0019801980198019,0.0089108910891089,0.0009900990099009901
0.51,0.3085,0.1617647058823529,0.6677515676321291,0.6485000000000001,0.6637254901960784,0.3686274509803922,0.0009803921568627,0.0176470588235294,0.0019607843137254,0.0088235294117647,0.00196078431372549
0.515,0.3085,0.1650485436893204,0.6679710216352077,0.6485000000000001,0.6631067961165048,0.3699029126213592,0.0009708737864077,0.0184466019417475,0.0019417475728155,0.0088261253309797,0.001941747572815534
0.52,0.3085,0.1653846153846153,0.6681862553689966,0.6485000000000001,0.6615384615384615,0.3711538461538461,0.0019230769230769,0.0182692307692307,0.0027097902097902,0.0096153846153846,0.0019230769230769232
0.525,0.3085,0.1666666666666666,0.6683973894126178,0.6485,0.6628571428571428,0.3723809523809523,0.0019047619047619,0.019047619047619,0.0034432234432234,0.0095238095238095,0.0019047619047619048
0.53,0.3085,0.1660377358490566,0.6686045397950389,0.6485,0.6632075471698113,0.3735849056603773,0.0018867924528301,0.0198113207547169,0.0037735849056603,0.0101078167115902,0.0018867924528301887
0.535,0.3085,0.1682242990654205,0.6688078182076949,0.6485,0.6644859813084112,0.3747663551401869,0.002803738317757,0.019626168224299,0.0046728971962616,0.0102803738317757,0.001869158878504673
0.54,0.3085,0.1694444444444444,0.6690073322053018,0.6485,0.6666666666666666,0.3759259259259259,0.0027777777777777,0.0203703703703703,0.0046296296296296,0.0101851851851851,0.001851851851851852
0.545,0.3085,0.1715596330275229,0.6692031853956132,0.6485,0.6678899082568808,0.3770642201834862,0.0027522935779816,0.0220183486238532,0.0045871559633027,0.010091743119266,0.0027522935779816515
0.55,0.3085,0.1727272727272727,0.6693954776188279,0.6485,0.6672727272727272,0.3781818181818182,0.0027272727272727,0.0236363636363636,0.0045454545454545,0.01,0.0036363636363636364
0.555,0.3085,0.1747747747747747,0.6695843051173,0.6485000000000001,0.6648648648648648,0.3792792792792793,0.0027027027027027,0.0234234234234234,0.0046171171171171,0.0099099099099099,0.0036036036036036037
0.56,0.3085,0.1767857142857143,0.6697697606961567,0.6485000000000001,0.6660714285714285,0.3803571428571428,0.0026785714285714,0.0232142857142857,0.0053571428571428,0.0098214285714285,0.0035714285714285713
0.5650000000000001,0.3085,0.1769911504424778,0.6699519338753875,0.6485,0.6646017699115045,0.3814159292035398,0.0026548672566371,0.0230088495575221,0.0053097345132743,0.0104228121927237,0.0035398230088495566
0.5700000000000001,0.3085,0.1780701754385964,0.6701309110339301,0.6485,0.6649122807017545,0.3824561403508772,0.0026315789473684,0.0245614035087719,0.0052631578947368,0.0106516290726817,0.0035087719298245606
0.5750000000000001,0.3085,0.1782608695652173,0.6703067755462371,0.6485,0.6643478260869564,0.3834782608695652,0.0026086956521739,0.0243478260869565,0.0052173913043478,0.0113043478260869,0.0034782608695652167
0.5800000000000001,0.3085,0.1784482758620691,0.6704796079117802,0.6485,0.6655172413793105,0.3844827586206896,0.0025862068965517,0.0241379310344827,0.0051724137931034,0.0112068965517241,0.0034482758620689646
0.585,0.3085,0.1803418803418803,0.6706494858779123,0.6485,0.6666666666666666,0.3854700854700855,0.0025641025641025,0.0239316239316239,0.0051282051282051,0.0111111111111111,0.003418803418803419
0.59,0.3085,0.1813559322033898,0.6708164845564829,0.6485,0.6661016949152543,0.3864406779661017,0.0025423728813559,0.023728813559322,0.0053268765133171,0.0110169491525423,0.003389830508474576
0.595,0.3085,0.1831932773109243,0.6709806765345733,0.6485000000000001,0.6663865546218487,0.3873949579831933,0.0025210084033613,0.0243697478991596,0.0062643239113827,0.0109243697478991,0.0033613445378151263
0.6,0.3085,0.185,0.6711421319796955,0.6485000000000001,0.6641666666666667,0.3883333333333333,0.0033333333333333,0.0241666666666666,0.0066666666666666,0.0141666666666666,0.0033333333333333335
0.605,0.3085,0.1867768595041322,0.6713009187397744,0.6485,0.6652892561983471,0.3892561983471074,0.0041322314049586,0.0239669421487603,0.0066115702479338,0.0142561983471074,0.003305785123966942
0.61,0.3085,0.1868852459016393,0.6714571024382125,0.6485,0.6647540983606557,0.3901639344262295,0.0057377049180327,0.0237704918032786,0.0065573770491803,0.0147540983606557,0.003278688524590164
0.615,0.3085,0.1878048780487805,0.6716107465643185,0.6485,0.6634146341463415,0.3910569105691057,0.0056910569105691,0.024390243902439,0.0065040650406504,0.0146341463414634,0.0032520325203252032
0.62,0.3085,0.1879032258064516,0.6717619125593581,0.6485,0.6612903225806451,0.3919354838709677,0.0056451612903225,0.0241935483870967,0.0064516129032258,0.014516129032258,0.0032258064516129032
0.625,0.3085,0.1896,0.6719106598984772,0.6485,0.6616,0.3928,0.0056,0.024,0.0065142857142857,0.0144888888888888,0.004
0.63,0.3085,0.192063492063492,0.6720570461687213,0.6485,0.6626984126984127,0.3936507936507936,0.0055555555555555,0.0238095238095238,0.0072562358276643,0.0153061224489795,0.003968253968253968
0.635,0.3085,0.1921259842519685,0.6722011271433711,0.6485000000000001,0.6598425196850394,0.3944881889763779,0.005511811023622,0.0236220472440944,0.0078740157480314,0.0159627773801002,0.004724409448818898
0.64,0.3085,0.19296875,0.6723429568527919,0.6485000000000001,0.659375,0.3953125,0.00546875,0.02421875,0.0079545454545454,0.0166294642857142,0.0046875
0.645,0.3085,0.1961240310077519,0.6724825876519892,0.6485000000000001,0.6596899224806202,0.3961240310077519,0.0062015503875968,0.0248062015503875,0.0085271317829457,0.017829457364341,0.004651162790697674
0.65,0.3085,0.1984615384615384,0.672620070285045,0.6485,0.66,0.3969230769230769,0.0069230769230769,0.0253846153846153,0.0084615384615384,0.0196153846153846,0.005384615384615384
0.655,0.3085,0.2007633587786259,0.6727554539466036,0.6485,0.6603053435114504,0.3977099236641221,0.0068702290076335,0.0259541984732824,0.0083969465648854,0.0221374045801526,0.0053435114503816794
0.66,0.3085,0.2022727272727272,0.6722885604961076,0.6485,0.6598484848484848,0.3984848484848485,0.0098484848484848,0.0265151515151515,0.009280303030303,0.0222727272727272,0.005303030303030303
0.665,0.3085,0.2030075187969924,0.6717624976810677,0.6485,0.6609022556390978,0.3992481203007518,0.0097744360902255,0.0263157894736842,0.0105263157894736,0.0233082706766917,0.005263157894736842
0.67,0.3085,0.2052238805970149,0.6712442865498343,0.6485,0.6611940298507463,0.4,0.0104477611940298,0.026865671641791,0.0111940298507462,0.0238805970149253,0.0052238805970149255
0.675,0.3085,0.2074074074074074,0.6707337526205451,0.6485,0.6592592592592592,0.4007407407407407,0.0103703703703703,0.0266666666666666,0.0116049382716049,0.0243518518518518,0.005185185185185185
0.68,0.3085,0.2088235294117647,0.6702307265431572,0.6485000000000001,0.6573529411764706,0.4014705882352941,0.0110294117647058,0.0279411764705882,0.0125,0.0242647058823529,0.005147058823529412
0.685,0.3085,0.2087591240875912,0.6697350439121545,0.6485000000000001,0.656934306569343,0.4021897810218978,0.0124087591240875,0.0291970802919708,0.0128649635036496,0.0240875912408759,0.0051094890510948905
0.6900000000000001,0.3085,0.208695652173913,0.6692465450873982,0.6485,0.6579710144927535,0.4028985507246377,0.0123188405797101,0.0297101449275362,0.0141304347826087,0.0240165631469979,0.005072463768115941
0.6950000000000001,0.3085,0.2100719424460433,0.6687650750227104,0.6485,0.6575539568345323,0.4035971223021583,0.0129496402877697,0.0302158273381294,0.0152106885919835,0.0247801758593125,0.005755395683453237
0.7000000000000001,0.3085,0.2121428571428571,0.6682904831018038,0.6485,0.657142857142857,0.4042857142857143,0.0135714285714285,0.0299999999999999,0.0157142857142857,0.0249999999999999,0.005714285714285713
0.7050000000000001,0.3085,0.2120567375886526,0.6678226229811939,0.6485,0.6581560283687942,0.4049645390070922,0.0148936170212767,0.0297872340425531,0.0163120567375886,0.0264775413711584,0.0056737588652482265
0.71,0.3085,0.2133802816901408,0.6673613524397474,0.6485,0.6584507042253521,0.4056338028169014,0.0154929577464788,0.0309859154929577,0.0161971830985915,0.0287323943661971,0.006338028169014085
0.715,0.3085,0.2153846153846154,0.6669065332345449,0.6485,0.6573426573426573,0.4062937062937063,0.0167832167832167,0.0307692307692307,0.016083916083916,0.0291958041958041,0.006993006993006993
0.72,0.3085,0.2166666666666666,0.6664580309627479,0.6485000000000001,0.6555555555555556,0.4069444444444444,0.0194444444444444,0.0326388888888888,0.0166666666666666,0.0303571428571428,0.006944444444444444
0.725,0.3085,0.2179310344827586,0.6660157149291828,0.6485000000000001,0.6572413793103449,0.4075862068965517,0.0206896551724137,0.033103448275862,0.0175862068965517,0.0310344827586206,0.007586206896551724
0.73,0.3085,0.2212328767123287,0.6655794580193649,0.6485,0.6561643835616439,0.4082191780821917,0.0212328767123287,0.0342465753424657,0.0191780821917808,0.0321917808219178,0.00821917808219178
0.735,0.3085,0.2251700680272108,0.665149136577708,0.6485,0.6551020408163265,0.408843537414966,0.0210884353741496,0.0353741496598639,0.019047619047619,0.0333333333333333,0.009523809523809525
0.74,0.3085,0.227027027027027,0.6647246302906681,0.6485,0.6554054054054054,0.4094594594594594,0.0222972972972973,0.0358108108108108,0.0189189189189189,0.0344594594594594,0.010135135135135136
0.745,0.3085,0.2295302013422819,0.6643058220745951,0.6485,0.6557046979865772,0.4100671140939597,0.0228187919463087,0.036241610738255,0.0187919463087248,0.0346756152125279,0.010067114093959731
0.75,0.3085,0.2293333333333333,0.6638925979680697,0.6485,0.656,0.4106666666666667,0.0226666666666666,0.0386666666666666,0.0193333333333333,0.0346666666666666,0.01
0.755,0.3085,0.2311258278145695,0.6634848470285182,0.6485,0.6543046357615894,0.4112582781456954,0.023841059602649,0.0397350993377483,0.019205298013245,0.0349668874172185,0.011258278145695364
0.76,0.3085,0.2335526315789473,0.663082461232908,0.6485,0.6526315789473685,0.4118421052631579,0.0236842105263157,0.0414473684210526,0.0201754385964912,0.0360526315789473,0.0125
0.765,0.3085,0.2366013071895424,0.6626853353823388,0.6485000000000001,0.6522875816993464,0.4124183006535947,0.0241830065359477,0.0424836601307189,0.020479302832244,0.0359477124183006,0.013071895424836602
0.77,0.3085,0.2396103896103896,0.6622933670103481,0.6485000000000001,0.6532467532467533,0.412987012987013,0.0246753246753246,0.0422077922077922,0.0214285714285714,0.037012987012987,0.015584415584415584
0.775,0.3085,0.2425806451612903,0.6619064562947704,0.6485,0.6535483870967742,0.4135483870967742,0.0251612903225806,0.0438709677419354,0.0219354838709677,0.0379354838709677,0.016774193548387096
0.78,0.3085,0.2423076923076923,0.661524505972982,0.6485,0.6519230769230769,0.4141025641025641,0.025,0.0448717948717948,0.0224358974358974,0.0391025641025641,0.01858974358974359
0.785,0.3085,0.243312101910828,0.6611474212603885,0.6485,0.6515923566878981,0.4146496815286624,0.0254777070063694,0.0452229299363057,0.0237488626023657,0.0401273885350318,0.01910828025477707
0.79,0.3085,0.2449367088607595,0.6607751097720049,0.6485000000000001,0.6512658227848102,0.4151898734177215,0.0265822784810126,0.0468354430379746,0.0253164556962025,0.0411392405063291,0.02088607594936709
0.795,0.3085,0.2452830188679245,0.6604074814469972,0.6485,0.6528301886792452,0.4157232704402516,0.0270440251572327,0.0484276729559748,0.0259958071278826,0.0427672955974842,0.021383647798742137
0.8,0.3085,0.244375,0.6600444484760523,0.6485,0.6525,0.41625,0.029375,0.04875,0.02625,0.0441666666666666,0.0225
0.805,0.3085,0.246583850931677,0.6596859252314543,0.6485000000000001,0.6521739130434783,0.4167701863354037,0.0304347826086956,0.0503105590062111,0.0260869565217391,0.0459627329192546,0.02298136645962733
0.81,0.3085,0.2475308641975308,0.6593318281997528,0.6485,0.6512345679012346,0.4172839506172839,0.0308641975308641,0.0530864197530864,0.0271604938271604,0.0493055555555555,0.02345679012345679
0.8150000000000001,0.3085,0.2490797546012269,0.6589820759169063,0.6485000000000001,0.6490797546012269,0.4177914110429447,0.0312883435582822,0.0539877300613498,0.0294478527607362,0.051840490797546,0.024539877300613494
0.8200000000000001,0.3085,0.2506097560975609,0.658636588905802,0.6485,0.649390243902439,0.4182926829268292,0.0317073170731708,0.0548780487804879,0.0301829268292683,0.0536585365853659,0.026829268292682923
0.8250000000000001,0.3085,0.2521212121212122,0.6582952896160443,0.6485000000000001,0.6496969696969697,0.4187878787878787,0.0333333333333334,0.056969696969697,0.0321212121212121,0.0547474747474747,0.026666666666666665
0.8300000000000001,0.3085,0.2548192771084336,0.6579581023659223,0.6485,0.6506024096385542,0.4192771084337349,0.0343373493975903,0.0584337349397591,0.0337349397590361,0.055421686746988,0.028915662650602407
0.8350000000000001,0.3085,0.2568862275449101,0.6576249532864605,0.6485,0.6508982035928143,0.4197604790419161,0.0353293413173652,0.0604790419161676,0.0341317365269461,0.0574850299401198,0.02934131736526946
0.84,0.3085,0.2577380952380952,0.6572957702674683,0.6485,0.65,0.4202380952380952,0.0357142857142857,0.0613095238095238,0.0357142857142857,0.0595238095238095,0.030952380952380953
0.845,0.3085,0.2591715976331361,0.6569704829055057,0.6485,0.6502958579881657,0.4207100591715976,0.0378698224852071,0.0639053254437869,0.0359763313609467,0.0630177514792899,0.031360946745562134
0.85,0.3085,0.2617647058823529,0.656649022453684,0.6485000000000001,0.6511764705882352,0.4211764705882353,0.0388235294117647,0.0652941176470588,0.0370588235294117,0.0645098039215686,0.03294117647058824
0.855,0.3085,0.2631578947368421,0.6563313217732284,0.6485,0.6497076023391812,0.4216374269005848,0.039766081871345,0.0666666666666666,0.0374269005847953,0.0666666666666666,0.03450292397660819
0.86,0.3085,0.2633720930232558,0.6560173152867317,0.6485000000000001,0.6494186046511627,0.4220930232558139,0.0401162790697674,0.0691860465116279,0.0405038759689922,0.0678294573643411,0.035465116279069765
0.865,0.3085,0.2635838150289017,0.6557069389330268,0.6485,0.6485549132947976,0.422543352601156,0.0421965317919075,0.0710982658959537,0.0404624277456647,0.0698265895953757,0.03641618497109827
0.87,0.3085,0.2655172413793103,0.6554001301236174,0.6485000000000001,0.646551724137931,0.4229885057471264,0.043103448275862,0.0724137931034482,0.0419540229885057,0.0729885057471264,0.038505747126436785
0.875,0.3085,0.2685714285714285,0.6550968277006014,0.6485,0.6451428571428571,0.4234285714285714,0.044,0.0731428571428571,0.0442285714285714,0.0731428571428571,0.03942857142857143
0.88,0.3085,0.2704545454545454,0.6547969718960285,0.6485,0.6460227272727272,0.4238636363636364,0.0448863636363636,0.0744318181818181,0.0456980519480519,0.075340909090909,0.04147727272727273
0.885,0.3085,0.2740112994350282,0.6545005042926374,0.6485,0.6468926553672316,0.4242937853107345,0.0463276836158192,0.0762711864406779,0.0476459510357815,0.077683615819209,0.04180790960451977
0.89,0.3085,0.2752808988764045,0.6542073677859135,0.6485,0.648314606741573,0.4247191011235955,0.046629213483146,0.0786516853932584,0.047752808988764,0.0792134831460674,0.04269662921348315
0.895,0.3085,0.2782122905027933,0.6539175065474212,0.6485000000000001,0.6486033519553073,0.4251396648044693,0.047486033519553,0.0793296089385474,0.0495965238981998,0.0810055865921787,0.045251396648044694
0.9,0.3085,0.28,0.6536308659893565,0.6485,0.6494444444444445,0.4255555555555556,0.0472222222222222,0.0816666666666666,0.0514814814814814,0.0822222222222222,0.04666666666666667
0.905,0.3085,0.2795580110497238,0.6533473927302761,0.6485000000000001,0.6502762430939226,0.4259668508287292,0.049171270718232,0.0834254143646408,0.0533701657458563,0.0839779005524861,0.04751381215469613
0.91,0.3085,0.2807692307692307,0.6530670345619548,0.6485,0.65,0.4263736263736263,0.0505494505494505,0.0851648351648351,0.0552747252747252,0.0851648351648351,0.04835164835164835
0.915,0.3085,0.2819672131147541,0.6527897404173308,0.6485000000000001,0.6491803278688525,0.426775956284153,0.0524590163934426,0.0879781420765027,0.0562841530054644,0.0852459016393442,0.04972677595628415
0.92,0.3085,0.2831521739130435,0.6525154603394965,0.6485,0.6483695652173913,0.4271739130434782,0.0543478260869565,0.0891304347826087,0.058695652173913,0.0869565217391304,0.051086956521739134
0.925,0.3085,0.2843243243243243,0.6522441454516926,0.6485,0.6486486486486487,0.4275675675675676,0.0551351351351351,0.0902702702702702,0.06,0.0893693693693693,0.05405405405405406
0.93,0.3085,0.2860215053763441,0.6519757479282738,0.6485,0.6483870967741936,0.4279569892473118,0.0569892473118279,0.0924731182795698,0.0612903225806451,0.0908602150537634,0.05698924731182796
0.935,0.3085,0.2871657754010695,0.6517102209666027,0.6485,0.6497326203208557,0.4283422459893048,0.0588235294117647,0.0946524064171123,0.0636363636363636,0.0914438502673796,0.059358288770053474
0.94,0.3085,0.2877659574468086,0.6514475187598431,0.6485000000000001,0.649468085106383,0.4287234042553191,0.0606382978723404,0.0968085106382978,0.0654255319148936,0.0937234042553191,0.0622340425531916
0.945,0.3085,0.2894179894179893,0.6511875964706154,0.6485,0.6502645502645502,0.4291005291005291,0.0634920634920634,0.0994708994708995,0.0658730158730159,0.0947089947089947,0.06507936507936507
0.95,0.3085,0.2899999999999999,0.6509304102054847,0.6485000000000001,0.65,0.4294736842105263,0.0647368421052631,0.1010526315789474,0.068421052631579,0.0973684210526316,0.06736842105263156
0.955,0.3085,0.2926701570680629,0.6506759169902507,0.6485,0.6497382198952878,0.4298429319371727,0.0659685863874346,0.1031413612565445,0.0701570680628272,0.0996858638743456,0.06858638743455509
0.96,0.3085,0.2947916666666667,0.6504240747460087,0.6485,0.6484375,0.4302083333333333,0.0682291666666667,0.1036458333333333,0.071875,0.1013020833333333,0.07135416666666665
0.965,0.3085,0.2958549222797927,0.6501748422659558,0.6485,0.6487046632124353,0.4305699481865285,0.0704663212435233,0.1056994818652849,0.0733160621761658,0.1020077720207253,0.07253886010362694
0.97,0.3085,0.2984536082474227,0.6499281791929136,0.6485,0.6489690721649485,0.4309278350515464,0.0737113402061855,0.1082474226804123,0.0752577319587628,0.1030927835051546,0.07371134020618557
0.975,0.3085,0.301025641025641,0.6496840459975438,0.6485000000000001,0.6497435897435897,0.4312820512820512,0.0758974358974359,0.1082051282051282,0.0769230769230769,0.1046153846153846,0.07538461538461538
0.98,0.3085,0.3020408163265306,0.6494424039572287,0.6485,0.648469387755102,0.4316326530612245,0.0785714285714285,0.110204081632653,0.0793367346938775,0.1071428571428571,0.07806122448979592
0.985,0.3085,0.3025380710659898,0.6492032151355971,0.6485000000000001,0.649746192893401,0.4319796954314721,0.0796954314720812,0.1147208121827411,0.082233502538071,0.1101522842639593,0.08020304568527918
0.99,0.3085,0.3045454545454545,0.6489664423626688,0.6485,0.648989898989899,0.4323232323232323,0.0818181818181818,0.1171717171717171,0.0838383838383838,0.1123737373737373,0.08181818181818182
0.995,0.3085,0.307035175879397,0.6487320492155991,0.6485000000000001,0.6487437185929649,0.4326633165829145,0.0829145728643216,0.1201005025125628,0.0854271356783919,0.114572864321608,0.08341708542713568
1.0,0.3085,0.3085,0.6485,0.6485,0.6485,0.433,0.085,0.1235,0.0875,0.117,0.086
