dataset,seed,method,OA,AA,kappa,macro_F1,AURC,risk@80,NLL,ECE
indian_pines,0,GP v2 (validation-tuned Dirichlet GP),0.8401516892668353,0.8073070423415414,0.8167552291749908,0.8250941685569648,0.0443093473950127,0.0824475725366274,0.5426429462932768,0.0271636499920358
indian_pines,1,GP v2 (validation-tuned Dirichlet GP),0.8302689037002988,0.7760027543107499,0.8054073421841372,0.7813024554192918,0.0499405937207817,0.0946567078425739,0.5421770031766475,0.0229006139151735
indian_pines,2,GP v2 (validation-tuned Dirichlet GP),0.8380831992645369,0.8169305747214023,0.8140310712397323,0.8339483298576842,0.0470419722679095,0.0844584889399597,0.5554107077185263,0.0189528843127815
indian_pines,3,GP v2 (validation-tuned Dirichlet GP),0.8333716387037463,0.7768333953122213,0.8090691712406021,0.7873811629274645,0.0455293740556716,0.0870439528871014,0.5730139303654541,0.0403014935029834
indian_pines,4,GP v2 (validation-tuned Dirichlet GP),0.8431395081590439,0.8099756307044442,0.820147452915256,0.8284124545150302,0.0432974699699464,0.0790002872737719,0.5341047926917325,0.0349764722118322
indian_pines,5,GP v2 (validation-tuned Dirichlet GP),0.8421052631578947,0.8165466852068022,0.8190920659650032,0.8144224568386145,0.0462392281062556,0.0821602987647227,0.5382338886488041,0.0281510797551286
indian_pines,6,GP v2 (validation-tuned Dirichlet GP),0.8270512525856125,0.7849547457352977,0.8018062861734654,0.7929390133028011,0.0440170119813528,0.0881930479747199,0.5572585595754601,0.0365484355031199
indian_pines,7,GP v2 (validation-tuned Dirichlet GP),0.8479659848310733,0.82880207785111,0.8261700071283495,0.8270471887706112,0.0419397067602435,0.0774202815282964,0.5236085728500938,0.0182728134531376
indian_pines,8,GP v2 (validation-tuned Dirichlet GP),0.8477361526085957,0.7995251307982065,0.8256869138836526,0.8235257578346766,0.0437311053754066,0.0738293593794886,0.5186224397105369,0.0274675109724704
indian_pines,9,GP v2 (validation-tuned Dirichlet GP),0.8399218570443576,0.8005900627353083,0.8165842087262888,0.8065921453156393,0.0437965391154642,0.0808675667911519,0.5265790590143613,0.0365173068873379
