dataset,seed,method,OA,AA,kappa,macro_F1,AURC,risk@80,NLL,ECE,C,gamma,val_accuracy
indian_pines,0,"RBF SVM (reference), composite features",0.7967133992185704,0.7201937346203771,0.7662297898788553,0.7481264662334661,0.06840909647043306,0.12496409077851192,0.6463717961954087,0.10352155885809626,10.0,0.001,0.8259187620889749
indian_pines,1,"RBF SVM (reference), composite features",0.785681452539646,0.7300139408360249,0.7534465830351624,0.7432119263316358,0.07110856634096875,0.13961505314564782,0.6435136724739658,0.07652800653852727,5.623413251903491,0.0017782794100389228,0.7911025145067698
indian_pines,2,"RBF SVM (reference), composite features",0.7936106642151229,0.7107023623354073,0.7622730147851755,0.7276376165867946,0.0748026161300247,0.12884228669922437,0.6376519238089543,0.06760682313194935,5.623413251903491,0.0031622776601683794,0.7969052224371374
indian_pines,3,"RBF SVM (reference), composite features",0.7925764192139738,0.7121944729862082,0.7618975181169677,0.7334764703462386,0.06523010541610118,0.12510772766446424,0.6235928941204364,0.08922241514386776,31.622776601683793,0.0017782794100389228,0.804642166344294
indian_pines,4,"RBF SVM (reference), composite features",0.797517811997242,0.7315777207620349,0.7667123126498345,0.7589730537301098,0.07021674788254281,0.12166044240160874,0.6206282305418218,0.0721065485643044,10.0,0.0017782794100389228,0.793036750483559
indian_pines,5,"RBF SVM (reference), composite features",0.8052171914502413,0.7411466335393704,0.7760390007833379,0.7589735824697074,0.07019425004965536,0.11692042516518242,0.6045845580503657,0.07825892451686832,17.78279410038923,0.0017782794100389228,0.8297872340425532
indian_pines,6,"RBF SVM (reference), composite features",0.772236267524707,0.6851373979160982,0.7367912618679692,0.7185348799980729,0.08709440557491814,0.15512783682849757,0.6980932763881821,0.10202175294304291,316.22776601683796,0.00031622776601683794,0.8007736943907157
indian_pines,7,"RBF SVM (reference), composite features",0.8007354631119283,0.7491458664747207,0.7711184354068229,0.76886378603588,0.06556915603541476,0.11720769893708705,0.6121541503268766,0.07823229805436656,316.22776601683796,0.0031622776601683794,0.8123791102514507
indian_pines,8,"RBF SVM (reference), composite features",0.8041829464490922,0.7204523780999433,0.7760415552780532,0.7477209803424422,0.06535724339552085,0.11476587187589773,0.6092134479293226,0.09067973642854418,31.622776601683793,0.0031622776601683794,0.8239845261121856
indian_pines,9,"RBF SVM (reference), composite features",0.7939554125488394,0.75195402156378,0.7635306089211636,0.7736263270369603,0.07183233669577015,0.12410226946279805,0.6221537152387265,0.06852997755201916,10.0,0.0017782794100389228,0.8317214700193424
pavia_university,0,"RBF SVM (reference), composite features",0.9264713521375513,0.896951718108535,0.9022720289871495,0.9056139637591786,0.012794798800827093,0.021362249204597103,0.20981931584455882,0.01076988156393575,10.0,0.005623413251903491,0.9344875994384652
pavia_university,1,"RBF SVM (reference), composite features",0.9328606306165913,0.9063663663412037,0.9107981148157634,0.9133398813761145,0.011061041750030174,0.018472826439841567,0.2002320867891453,0.018961776391545525,100.0,0.01,0.9354234908750585
pavia_university,2,"RBF SVM (reference), composite features",0.9285491662770765,0.8979396386879775,0.9050105084639708,0.9078587628112282,0.011895280373623626,0.018894876956041817,0.2069622437671907,0.01657337259421902,100.0,0.01,0.9307440336920917
pavia_university,3,"RBF SVM (reference), composite features",0.9230169861305906,0.8920833842386122,0.8974730360360772,0.9036416020932092,0.013073947032939631,0.02162197259918187,0.21629848839545282,0.01713284041625775,31.622776601683796,0.0031622776601683794,0.926064576509125
pavia_university,4,"RBF SVM (reference), composite features",0.92678302425848,0.8945864781171967,0.9025165146915729,0.905021156512945,0.011994347496095353,0.020420751899227322,0.21155068400658397,0.014610187760539607,100.0,0.01,0.9246607393542349
pavia_university,5,"RBF SVM (reference), composite features",0.9321333956677575,0.9090804169390307,0.909821457535731,0.9133317154690928,0.010337154969881912,0.0174339328615025,0.19650368442086155,0.01677342027304042,3.1622776601683795,0.01,0.9340196537201685
pavia_university,6,"RBF SVM (reference), composite features",0.9306269804166017,0.9029710953972915,0.9077289007468177,0.911068184273257,0.01142946873587988,0.018505291864164664,0.20074095087629512,0.012556500942717343,1.7782794100389228,0.01,0.9396350023397286
pavia_university,7,"RBF SVM (reference), composite features",0.9314581060724119,0.9024746990809853,0.9086907881142414,0.9128909614206326,0.010477600719330942,0.017855983377702746,0.19817372676630218,0.021402433793134223,5.623413251903491,0.01,0.931679925128685
pavia_university,8,"RBF SVM (reference), composite features",0.9353540075840217,0.9033023337906454,0.9140311871903526,0.914788038053392,0.010220651805842976,0.016654762677748198,0.19196807127224055,0.02056418475400245,5.623413251903491,0.01,0.9246607393542349
pavia_university,9,"RBF SVM (reference), composite features",0.9337696743026336,0.9053222609850928,0.9118701008043804,0.914661221599348,0.010488496000515494,0.01733653658853321,0.19458423913010728,0.015642266622878456,3.1622776601683795,0.01,0.9321478708469817
salinas,0,"RBF SVM (reference), composite features",0.9237432518422727,0.9602306532389695,0.9149649022725426,0.961544084129845,0.01240603910474456,0.021886385795658644,0.21551171423033208,0.04216600237032469,31.622776601683793,0.0031622776601683794,0.9338507021433851
salinas,1,"RBF SVM (reference), composite features",0.9254059157994129,0.9580717897903263,0.9167703468434042,0.9596433683264278,0.012894724609725875,0.020629137373633706,0.21574615757398588,0.03644765655482639,10.0,0.005623413251903491,0.9260901699926091
salinas,2,"RBF SVM (reference), composite features",0.9294907321879426,0.9608173847234445,0.9212949994581471,0.9630787101251532,0.011292562146005066,0.019166623903114896,0.2075609899374386,0.04578916599639672,10.0,0.005623413251903491,0.9316334072431633
salinas,3,"RBF SVM (reference), composite features",0.9207052979452758,0.9538137609655386,0.9115316421275422,0.9572949165193326,0.012978612288186891,0.021065325601683175,0.22298223530056815,0.03385091513789383,3.1622776601683795,0.01778279410038923,0.926459719142646
salinas,4,"RBF SVM (reference), composite features",0.9227579694973007,0.9600717726580579,0.9138473784535366,0.9608649310000725,0.012442934994224953,0.02096269307743624,0.2163400586112503,0.04188829492416376,100.0,0.0031622776601683794,0.9290465631929047
salinas,5,"RBF SVM (reference), composite features",0.9287517704292136,0.9625770226452001,0.9205130100732586,0.9645866500293211,0.01272924788765341,0.020244265407707702,0.2080891357888835,0.037280560074446356,56.23413251903491,0.0031622776601683794,0.925351071692535
salinas,6,"RBF SVM (reference), composite features",0.9249543280579674,0.9600344970769963,0.916329615763664,0.96157307928764,0.011913492836784056,0.0199363678349669,0.21127190773346965,0.03824834028211399,10.0,0.01,0.9271988174427199
salinas,7,"RBF SVM (reference), composite features",0.9262885645667837,0.9638748717006707,0.9178332787974807,0.964788302509109,0.012623680926078119,0.020783086160004106,0.21232372005662087,0.04439008924769012,31.622776601683793,0.0031622776601683794,0.9316334072431633
salinas,8,"RBF SVM (reference), composite features",0.9243385265923599,0.9565104690727,0.9156547499908738,0.9573148419245623,0.013646886688603642,0.021963360188843845,0.21654165901047934,0.03323877336540727,10.0,0.0031622776601683794,0.9260901699926091
salinas,9,"RBF SVM (reference), composite features",0.9210337253935997,0.9583156129936468,0.911895198031471,0.9599053319986195,0.013336957920000203,0.026043003027659464,0.22729467766331773,0.049844254810874504,1000.0,0.0001,0.9290465631929047
