dataset,seed,C,gamma,val_accuracy,configs_evaluated,prior_tau
statlog,0,10.0,0.1,,0,
statlog,1,10.0,0.1,,0,
statlog,2,10.0,0.1,,0,
statlog,3,10.0,0.1,,0,
statlog,4,10.0,0.1,,0,
statlog,5,10.0,0.1,,0,
statlog,6,10.0,0.1,,0,
statlog,7,10.0,0.1,,0,
statlog,8,10.0,0.1,,0,
statlog,9,10.0,0.1,,0,
indian_pines,0,56.23413251903491,0.0017782794100389228,0.8220502901353965,44,
indian_pines,1,31.622776601683796,0.005623413251903491,0.8181818181818182,44,
indian_pines,2,100.0,0.001,0.804642166344294,44,
indian_pines,3,316.22776601683796,0.0017782794100389228,0.8201160541586073,44,
indian_pines,4,17.78279410038923,0.0031622776601683794,0.8085106382978723,44,
indian_pines,5,31.622776601683793,0.0031622776601683794,0.8297872340425532,44,
indian_pines,6,31.622776601683793,0.0031622776601683794,0.804642166344294,44,
indian_pines,7,316.22776601683796,0.0005623413251903491,0.8104448742746615,44,
indian_pines,8,177.82794100389228,0.005623413251903491,0.8413926499032882,44,
indian_pines,9,31.622776601683793,0.005623413251903491,0.8375241779497099,44,
pavia_university,0,316.22776601683796,0.005623413251903491,0.9396350023397286,44,
pavia_university,1,177.82794100389228,0.005623413251903491,0.9354234908750585,44,
pavia_university,2,316.22776601683796,0.01778279410038923,0.9401029480580253,44,
pavia_university,3,1000.0,0.0316227766016838,0.930276087973795,44,
pavia_university,4,177.82794100389228,0.01778279410038923,0.9386991109031352,44,
pavia_university,5,177.82794100389228,0.005623413251903491,0.9382311651848385,44,
pavia_university,6,31.622776601683793,0.0316227766016838,0.944782405240992,44,
pavia_university,7,100.0,0.01,0.9396350023397286,44,
pavia_university,8,100.0,0.01778279410038923,0.9368273280299485,44,
pavia_university,9,56.23413251903491,0.0316227766016838,0.9354234908750585,44,
salinas,0,177.82794100389228,0.01,0.9375461936437546,44,
salinas,1,31.622776601683793,0.01,0.9235033259423503,44,
salinas,2,1000.0,0.001,0.9286770140428677,44,
salinas,3,562.341325190349,0.0017782794100389228,0.9286770140428677,44,
salinas,4,1000.0,0.01,0.9305247597930525,44,
salinas,5,100.0,0.01778279410038923,0.9227642276422764,44,
salinas,6,56.23413251903491,0.01778279410038923,0.926829268292683,44,
salinas,7,316.22776601683796,0.005623413251903491,0.9353288987435329,44,
salinas,8,31.622776601683796,0.0316227766016838,0.9246119733924612,44,
salinas,9,316.22776601683796,0.0031622776601683794,0.9290465631929047,44,
sentinel2_breizhcrops,0,3162.2776601683795,5.623413251903491e-05,0.7554896856814078,44,1.0
sentinel2_breizhcrops,1,10.0,0.01,0.7560900282225941,44,1.0
sentinel2_breizhcrops,2,100.0,0.001,0.734805117944094,44,1.0
sentinel2_breizhcrops,3,1778.2794100389228,0.0001778279410038923,0.757751280927002,44,1.0
sentinel2_breizhcrops,4,31.622776601683793,0.0031622776601683794,0.7684530580652599,44,1.0
sentinel2_breizhcrops,5,1778.2794100389228,0.0001,0.7716568371344288,44,1.0
sentinel2_breizhcrops,6,31.622776601683793,0.0031622776601683794,0.7540205771736649,44,1.0
sentinel2_breizhcrops,7,316.22776601683796,0.0001778279410038923,0.7549452634005858,44,1.0
sentinel2_breizhcrops,8,3162.2776601683795,0.0001,0.7675683898711559,44,1.0
sentinel2_breizhcrops,9,562.341325190349,0.0001778279410038923,0.7514957666108801,44,1.0
