dataset,seed,GP_OA,SVM_OA,diff,only_GP_right,only_SVM_right,mcnemar_p
statlog,0,0.9165,0.915,0.0014999999999999458,51,48,0.8408215252256424
statlog,1,0.9165,0.9145,0.0020000000000000018,51,47,0.7620362195292442
statlog,2,0.9165,0.9135,0.0030000000000000027,53,47,0.6172994135892524
statlog,3,0.9165,0.916,0.0004999999999999449,50,49,1.0
statlog,4,0.9165,0.9145,0.0020000000000000018,51,47,0.7620362195292442
statlog,5,0.9165,0.916,0.0004999999999999449,50,49,1.0
statlog,6,0.9165,0.915,0.0014999999999999458,51,48,0.8408215252256424
statlog,7,0.9165,0.9145,0.0020000000000000018,52,48,0.7643534344026676
statlog,8,0.9165,0.914,0.0024999999999999467,51,46,0.684858777214404
statlog,9,0.9165,0.915,0.0014999999999999458,51,48,0.8408215252256424
indian_pines,0,0.8401516892668353,0.804297862560331,0.03585382670650428,713,401,6.630950375400708e-21
indian_pines,1,0.8302689037002988,0.8067111008963457,0.023557802803953143,614,409,1.5636383478566488e-10
indian_pines,2,0.8380831992645369,0.8051022753390026,0.03298092392553431,633,346,3.357062597445129e-20
indian_pines,3,0.8333716387037463,0.8019995403355551,0.031372098368191215,747,474,5.436055102495285e-15
indian_pines,4,0.8431395081590439,0.8001608825557344,0.04297862560330956,652,278,2.477016025139925e-35
indian_pines,5,0.8421052631578947,0.807055849230062,0.03504941392783267,648,343,2.1495873319695503e-22
indian_pines,6,0.8270512525856125,0.7948747414387497,0.03217651114686282,599,319,1.6811544410186498e-20
indian_pines,7,0.8479659848310733,0.8024592047805102,0.04550678005056308,856,460,5.191283901830586e-28
indian_pines,8,0.8477361526085957,0.812686738680763,0.03504941392783267,656,351,4.714089255512813e-22
indian_pines,9,0.8399218570443576,0.8084348425649276,0.03148701447943003,686,412,1.2160146154791147e-16
pavia_university,0,0.9400550620746975,0.9324450677886863,0.007609994286011168,999,706,1.3531015391494016e-12
pavia_university,1,0.9386525375305179,0.9344969092514674,0.004155628279050472,922,762,0.00010562717390842676
pavia_university,2,0.9318736689003169,0.9314321333956678,0.0004415355046490932,951,934,0.7124939890988635
pavia_university,3,0.937120149602618,0.9249649368863955,0.012155212716222552,1297,829,2.7181385730077125e-24
pavia_university,4,0.9401070074281855,0.9305230897096255,0.009583917718560042,1030,661,2.598716398143425e-19
pavia_university,5,0.9426263570723599,0.9364968053607605,0.006129551711599346,938,702,6.150336335312145e-09
pavia_university,6,0.9389901823281908,0.9344709365747234,0.004519245753467405,873,699,1.2565456971839139e-05
pavia_university,7,0.9388862916212145,0.938704482884006,0.00018180873720852198,764,757,0.8777375366961547
pavia_university,8,0.9420809308607345,0.9382110020258688,0.003869928834865699,851,702,0.000171125992850201
pavia_university,9,0.9391979637421433,0.9387824009142383,0.00041556282790500276,816,800,0.7090573729066729
salinas,0,0.9313791900158056,0.9237227251267525,0.007656464889053138,1460,1087,1.5360715256600977e-13
salinas,1,0.9293470451793009,0.9222242748937742,0.007122770285526658,1320,973,4.5146689465717936e-13
salinas,2,0.9334934417143913,0.9268633126013507,0.006630129113040617,1303,980,1.4772223954100842e-11
salinas,3,0.9255496028080547,0.9231479770921854,0.0024016257158692156,1046,929,0.009031883943291958
salinas,4,0.9311739228606031,0.9237843052733132,0.007389617587289843,1345,985,9.201049263607702e-14
salinas,5,0.9332060676971078,0.9272738469117556,0.00593222078535216,1140,851,1.009760934772049e-10
salinas,6,0.9334318615678305,0.9246874807562042,0.008744380811626318,1427,1001,5.283457636777855e-18
salinas,7,0.9342324034731203,0.9264527782909456,0.0077796251821746765,1401,1022,1.4190367473304108e-14
salinas,8,0.9303939076708336,0.9253648623683725,0.005029045302461177,1153,908,7.417651069804663e-08
salinas,9,0.9343555637662417,0.9265348851530266,0.007820678613215115,1225,844,5.401598497334853e-17
sentinel2_breizhcrops,0,0.7591436581152003,0.7633406134889331,-0.004196955373732769,4593,5108,1.7912852003780522e-07
sentinel2_breizhcrops,1,0.7696564201193076,0.760797991980963,0.008858428138344587,4834,3747,8.022172019885534e-32
sentinel2_breizhcrops,2,0.7605046125761972,0.765109039345438,-0.004604426769240777,5313,5878,9.685304154360913e-08
sentinel2_breizhcrops,3,0.7646771196661994,0.7676761091371386,-0.0029989894709391285,4654,5022,0.0001904531942360753
sentinel2_breizhcrops,4,0.7645304299638166,0.7602030837435212,0.004327346220295403,3901,3370,5.028101692094666e-10
sentinel2_breizhcrops,5,0.7673827297323728,0.7704958111940542,-0.003113081461681433,4599,4981,9.897076658387632e-05
sentinel2_breizhcrops,6,0.7610506242461779,0.7600563940411383,0.0009942302050395257,5187,5065,0.23207125136216175
sentinel2_breizhcrops,7,0.7668693157740326,0.7599341526224859,0.006935163151546742,4872,4021,1.8752817715678844e-19
sentinel2_breizhcrops,8,0.7704632134824135,0.7652557290478208,0.005207484434592735,4234,3595,5.414892022170007e-13
sentinel2_breizhcrops,9,0.7664129478110636,0.7595429800827982,0.006869967728265425,4787,3944,1.9143460399951043e-19
