candidate,round,n_hyperparameters,log_evidence,bic_adjusted_evidence,OA,AA,kappa,macro_F1,AURC,NLL,ECE,fit_seconds
matern52_band_orbit_invariant,1,13,-22138.60904245641,-22188.01165763066,0.914,0.895391413965762,0.894099299146699,0.9000349754886793,0.012036777144923919,0.2299841644380544,0.02096784966064234,513.3
rbf_band_orbit_invariant_plus_centre,2,18,-22164.04917165737,-22232.452792667875,0.912,0.891858838738862,0.8915901021763287,0.8970330129664972,0.012318894230383326,0.23115567474127408,0.0164966636111902,415.2
matern52_band_orbit_invariant_log,2,13,-22194.212461194445,-22243.615076368696,0.9145,0.8948540157391988,0.8946799842081566,0.8998043522982985,0.011961020367990674,0.22885451473570084,0.015733329801656662,293.7
rbf_band_orbit_invariant,1,13,-22228.861876310035,-22278.264491484286,0.9105,0.8902751605572617,0.8897639007567185,0.8949542626290558,0.013138629302809133,0.2367738788414051,0.015014527456814107,303.2
rbf_band_invariant,1,5,-22274.004308425105,-22293.005314261354,0.9095,0.8900012201855095,0.8885305992742788,0.8949330650979269,0.013077596710445206,0.23830986669684626,0.017846287939609996,60.6
rbf_band_orbit_invariant_log,2,13,-22314.69152963125,-22364.094144805502,0.9125,0.8931374526791834,0.8922248546729148,0.8982109901699508,0.013578405115605024,0.24012688761502343,0.01694561777667762,460.9
matern52_ard,1,37,-22344.51397425239,-22485.12141744065,0.9115,0.892516681779279,0.8910682755738764,0.8965732425121326,0.01429671022122392,0.2387367460235981,0.014386882156879202,342.7
matern52_band_orbit,1,13,-22403.08419914832,-22452.486814322572,0.9115,0.8933005862170549,0.8910960231590151,0.8967638318012522,0.014226494457873873,0.23899139955455645,0.020312140256161283,95.2
rbf_ard,1,37,-22435.629262604256,-22576.236705792515,0.908,0.8901346564036602,0.8867930216511423,0.8936243882736649,0.015803744888561122,0.24829277486593937,0.018675282524811227,281.6
rbf_band_orbit,1,13,-22493.773129981477,-22543.175745155728,0.9105,0.8915281347602636,0.8898315777164364,0.895427731971627,0.01587910837704079,0.24738288544412337,0.019952609639602766,100.2
rbf_band,1,5,-22524.77409748778,-22543.77510332403,0.91,0.8918291041916347,0.8892482509683857,0.8954022433857826,0.015507598829752233,0.24416715733376207,0.017882729356068907,28.1
rbf_iso,1,2,-22589.54133419338,-22597.141736527883,0.9095,0.8911551780839561,0.8885915946359007,0.8960150777685602,0.0161759148574945,0.24465943925189862,0.018029298450603855,23.3
