dataset,seed,method,OA,AA,kappa,macro_F1,AURC,E-AURC,risk@50,risk@80
statlog,0,Gaussian process (Dirichlet GP),0.914,0.895391413965762,0.894099299146699,0.9000349754886793,0.0120367771449239,0.0082064635774185,0.001,0.0225
statlog,1,Gaussian process (Dirichlet GP),0.9125,0.89289133501492,0.892197634384889,0.898189092767563,0.0122787712033378,0.0083119641159812,0.002,0.02125
statlog,2,Gaussian process (Dirichlet GP),0.915,0.8945777301252783,0.8952435971500097,0.9004346288435944,0.0119903703316769,0.0082496845794004,0.002,0.02
statlog,3,Gaussian process (Dirichlet GP),0.915,0.8946360125070606,0.8952555379783395,0.900270153084188,0.0123418423240073,0.0086011565717308,0.002,0.021875
statlog,4,Gaussian process (Dirichlet GP),0.916,0.8955040152228625,0.8964928321286249,0.9010942316842449,0.012037466190513,0.0083853153571273,0.002,0.02125
indian_pines,0,Gaussian process (Dirichlet GP),0.8118823259020915,0.7671052956380826,0.7832430299372336,0.7927274999029417,0.0565306687352429,0.0375983559046103,0.0370029878188922,0.1065785693766159
indian_pines,1,Gaussian process (Dirichlet GP),0.8128016547920018,0.7547037148436313,0.7848599515421997,0.7637754540318908,0.0571385139373662,0.0383973216452413,0.0360836589289818,0.1131858661304223
indian_pines,2,Gaussian process (Dirichlet GP),0.8101585842335095,0.763874069813536,0.7808103499653766,0.7928298660007131,0.0616700652951323,0.042376594719171,0.0438979544932199,0.1133295030163746
indian_pines,3,Gaussian process (Dirichlet GP),0.8010802114456447,0.7297798944402831,0.7709344332985215,0.7519132913078073,0.0586047749496755,0.0373485002096324,0.0337853367042059,0.1140476874461361
indian_pines,4,Gaussian process (Dirichlet GP),0.8171684670190761,0.7562364454850429,0.7895040103590756,0.7878260996721433,0.057893709633147,0.0400461599070827,0.0358538267065042,0.1094513070956621
pavia_university,0,Gaussian process (Dirichlet GP),0.9168095163887592,0.8688501604715996,0.888296732437534,0.8898396957543984,0.0152348344058801,0.0116732680707464,0.0044673003999792,0.0248360496071683
pavia_university,1,Gaussian process (Dirichlet GP),0.9232247675445432,0.8809755325190035,0.8970530690997907,0.9003607599280663,0.0133979894417845,0.0103713138449769,0.0047270271674198,0.0215570417505356
pavia_university,2,Gaussian process (Dirichlet GP),0.9143680847748168,0.8649972668698735,0.8848616084923604,0.8878334718212422,0.0151105437861509,0.0113336402401639,0.0042595189860267,0.02506330757743
pavia_university,3,Gaussian process (Dirichlet GP),0.913978494623656,0.861272192579696,0.8842868413733894,0.8853126928976068,0.0155006958927881,0.0116888273614402,0.0048309178743961,0.0259398740341536
pavia_university,4,Gaussian process (Dirichlet GP),0.9174588333073608,0.8713598814878988,0.8891132134828453,0.8926425176589768,0.0146400884074307,0.0111346974042117,0.0050906446418367,0.0256801506395688
salinas,0,Gaussian process (Dirichlet GP),0.9123919781595748,0.9471265821000734,0.9022006365643298,0.949504461253204,0.0162665163990516,0.0123107836942008,0.004392807291239,0.0269153794837584
salinas,1,Gaussian process (Dirichlet GP),0.9141778024098364,0.9457755035516188,0.904183840926953,0.947909681284298,0.0181561431606497,0.0143624165603006,0.0054191641349864,0.0264278749935854
salinas,2,Gaussian process (Dirichlet GP),0.9124535583061354,0.9481089251264552,0.9022190768151996,0.9493956169695694,0.0156767216930005,0.0117266335535867,0.0037359389112406,0.0257094473238569
salinas,3,Gaussian process (Dirichlet GP),0.9120224972802102,0.9456989331880296,0.901761232509202,0.94783580818903,0.0164093207467649,0.0124196333585608,0.0050496756712373,0.0265818237799558
salinas,4,Gaussian process (Dirichlet GP),0.9153478251944906,0.9495557861383964,0.9055245211986592,0.9499917268053392,0.0171735695624998,0.0134840929266948,0.004762295754988,0.0261712936829681
sentinel2_breizhcrops,0,Gaussian process (Dirichlet GP),0.6732405385141963,0.5730346419898203,0.5937937231872307,0.4904680323199012,0.1382601584200082,0.077868735541464,0.1274407536590931,0.2533769329503086
sentinel2_breizhcrops,1,Gaussian process (Dirichlet GP),0.6979333050819833,0.5792820238499365,0.6210568040584927,0.5028226116398421,0.1312800021607268,0.0802110399085156,0.1227629820386608,0.2333700059083593
sentinel2_breizhcrops,2,Gaussian process (Dirichlet GP),0.692448740098445,0.5811114173752114,0.6167288501958694,0.5054437750213666,0.1310606266931112,0.0779976121550475,0.1211656941682693,0.2343886885479697
sentinel2_breizhcrops,3,Gaussian process (Dirichlet GP),0.6798008279818757,0.5768065397795619,0.6026768743298508,0.4941426663264564,0.1434591381713393,0.0856314780616221,0.1378068259608175,0.2504023796426461
sentinel2_breizhcrops,4,Gaussian process (Dirichlet GP),0.6711379861133748,0.5765186552605572,0.5936608449043332,0.4942392353017908,0.1539011854853033,0.0926745871203081,0.1528669687387945,0.2626061976651794
