,statlog,indian_pines,pavia_university,salinas,sentinel2_breizhcrops
B1 Flat FCM,30.9,71.5 ± 1.0,50.5 ± 1.5,34.9 ± 0.8,82.3 ± 16.1
B2 Flat FCM + max-membership,24.4,69.1 ± 1.6,46.1 ± 0.8,29.5 ± 0.9,80.0 ± 17.6
"B3 HFCM, no gating",64.8,86.5 ± 4.1,77.4 ± 11.3,62.3 ± 9.3,83.7 ± 3.9
B4 HFCM + entropy gating,65.2,85.2 ± 4.3,75.7 ± 12.1,58.7 ± 11.7,84.1 ± 4.4
SG-HFQ,66.0,85.3 ± 4.2,78.0 ± 10.5,62.6 ± 9.2,84.2 ± 4.5
SVM (RBF),2.9 ± 0.1,**12.6 ± 0.4**,**1.9 ± 0.2**,**2.3 ± 0.2**,**23.7 ± 1.2**
Random Forest,**2.6 ± 0.1**,17.0 ± 1.5,5.7 ± 0.2,3.1 ± 0.1,31.2 ± 0.5
SG-HFQ (class-seeded),41.6,70.2 ± 1.9,44.9 ± 1.3,31.0 ± 2.8,69.4 ± 0.2
"SVM (RBF), Phase 1 features",4.9 ± 0.1,19.0 ± 0.9,4.2 ± 0.4,3.3 ± 0.1,36.0 ± 0.9
"Random Forest, Phase 1 features",4.5 ± 0.1,21.4 ± 1.5,7.3 ± 0.6,4.4 ± 0.2,37.5 ± 0.4
