dataset,method,op_fine_coverage,op_selective_risk,op_hierarchical_accuracy,op_abstain_rate
indian_pines,B4 HFCM + entropy gating,0.5258331418064813,0.8377386389501146,0.3722592507469547,0.11328430245920473
indian_pines,SG-HFQ,0.5159963226844404,0.820674775257172,0.3988278556653643,0.18756607676396228
indian_pines,SG-HFQ (class-seeded),0.3249597793610664,0.5997816674056349,0.7368191220409102,0.19777062744196733
pavia_university,B4 HFCM + entropy gating,0.6311412394161342,0.7858828323396023,0.49737156511350056,0.2159680016622513
pavia_university,SG-HFQ,0.6359046283309958,0.7940801164996699,0.4889927795958651,0.20740740740740735
pavia_university,SG-HFQ (class-seeded),0.4368240610877357,0.38753063568283685,0.8249181860682562,0.20593735390369328
salinas,B4 HFCM + entropy gating,0.488076030954287,0.5740990267005637,0.6446743436582713,0.14865857914075165
salinas,SG-HFQ,0.42549828601925405,0.6402681680932556,0.6448960321858899,0.19948683211199375
salinas,SG-HFQ (class-seeded),0.4391854999281565,0.23971715729968954,0.8819385430137323,0.20507830941970973
sentinel2_breizhcrops,B4 HFCM + entropy gating,0.31978029142354203,0.9097825412004161,0.6930762460475275,0.6475731003683541
sentinel2_breizhcrops,SG-HFQ,0.53498549401832,0.8499578728620211,0.48758679140724315,0.28267431626299827
sentinel2_breizhcrops,SG-HFQ (class-seeded),0.16608860058023922,0.5712637001892513,0.6816768262867947,0.1544398083254555
statlog,B4 HFCM + entropy gating,0.61,0.6647540983606557,0.572,0.2565
statlog,SG-HFQ,0.6555,0.6727688787185355,0.55,0.21400000000000002
statlog,SG-HFQ (class-seeded),0.385,0.325974025974026,0.8035,0.20549999999999996
