dataset,class,class_name,B1 Flat FCM,B2 Flat FCM + max-membership,"B3 HFCM, no gating",B4 HFCM + entropy gating,Gaussian process (Dirichlet GP),Random Forest,"Random Forest, Phase 1 features",SG-HFQ,SG-HFQ (class-seeded),SVM (RBF),"SVM (RBF), Phase 1 features"
indian_pines,1,Alfalfa,0.26842105263157895,0.26842105263157895,0.14210526315789473,0.14210526315789473,0.363157894736842,0.23157894736842097,0.08947368421052629,0.14210526315789473,0.42631578947368426,0.08421052631578943,0.19999999999999996
indian_pines,2,Corn-notill,0.20774299835255353,0.20774299835255353,0.39555189456342665,0.39555189456342665,0.7308072487644152,0.6095551894563427,0.5739703459637562,0.39555189456342665,0.15420098846787478,0.7243822075782538,0.6085667215815486
indian_pines,3,Corn-mintill,0.20539007092198575,0.20539007092198575,0.0,0.0,0.617872340425532,0.5670921985815602,0.5089361702127659,0.0,0.2536170212765957,0.6252482269503546,0.5892198581560284
indian_pines,4,Corn,0.24179104477611935,0.24179104477611935,0.0009950248756218799,0.0009950248756218799,0.48457711442786067,0.31641791044776113,0.2189054726368159,0.0009950248756218799,0.1611940298507462,0.4666666666666666,0.34029850746268653
indian_pines,5,Grass-pasture,0.41605839416058393,0.41605839416058393,0.0,0.0,0.8501216545012165,0.8301703163017031,0.678345498783455,0.0,0.5080291970802919,0.8725060827250608,0.7781021897810219
indian_pines,6,Grass-trees,0.47665056360708535,0.47665056360708535,0.0,0.0,0.9797101449275363,0.9636070853462158,0.9397745571658616,0.0,0.31304347826086953,0.9716586151368759,0.9349436392914654
indian_pines,7,Grass-pasture-mowed,0.57,0.57,0.4,0.4,0.78,0.31,0.6799999999999999,0.4,0.53,0.5599999999999999,0.35
indian_pines,8,Hay-windrowed,0.5389162561576355,0.5389162561576355,0.30098522167487685,0.30098522167487685,0.9906403940886699,0.9738916256157635,0.9802955665024632,0.30098522167487685,0.3266009852216748,0.9921182266009853,0.9857142857142858
indian_pines,9,Oats,0.5833333333333333,0.5833333333333333,0.0,0.0,0.7333333333333333,0.4333333333333333,0.65,0.0,0.6166666666666666,0.4333333333333333,0.3
indian_pines,10,Soybean-notill,0.18062953995157383,0.18062953995157383,0.0009685230024212999,0.0009685230024212999,0.7043583535108959,0.650363196125908,0.6263922518159806,0.0009685230024212999,0.17239709443099266,0.6772397094430993,0.6101694915254237
indian_pines,11,Soybean-mintill,0.22627037392138064,0.22627037392138064,0.26634707574304894,0.26634707574304894,0.8947267497603069,0.8762224352828379,0.8325982742090124,0.26634707574304894,0.34189837008628954,0.8590604026845637,0.862895493767977
indian_pines,12,Soybean-clean,0.1746031746031746,0.1746031746031746,0.003968253968253959,0.003968253968253959,0.7107142857142856,0.4738095238095238,0.31706349206349205,0.003968253968253959,0.221031746031746,0.7154761904761905,0.37619047619047613
indian_pines,13,Wheat,0.9508571428571428,0.9508571428571428,0.0,0.0,0.968,0.9497142857142856,0.9474285714285713,0.0,0.9359999999999999,0.9611428571428572,0.9542857142857143
indian_pines,14,Woods,0.33457249070631967,0.33457249070631967,0.0,0.0,0.9622676579925651,0.9453531598513012,0.9475836431226765,0.0,0.2836431226765799,0.9654275092936804,0.9555762081784385
indian_pines,15,Buildings-Grass-Trees-Drives,0.18414634146341458,0.18414634146341458,0.0,0.0,0.4890243902439024,0.3713414634146341,0.31707317073170727,0.0,0.23597560975609752,0.55,0.3396341463414633
indian_pines,16,Stone-Steel-Towers,0.27341772151898736,0.27341772151898736,0.0,0.0,0.8101265822784811,0.789873417721519,0.8708860759493671,0.0,0.0,0.8,0.8227848101265824
pavia_university,1,Asphalt,0.5524719289425172,0.5524719289425172,0.0,0.0,0.934908664320429,0.9144628791687616,0.9205295793531088,0.0,0.6339198927434222,0.9413105413105413,0.9248868778280543
pavia_university,2,Meadows,0.3930890676198987,0.3930890676198987,0.2537384569556151,0.2537384569556151,0.9884420613643135,0.9743223115877271,0.970783437593089,0.2537384569556151,0.48573130771522194,0.9743461423890378,0.9634912123920166
pavia_university,3,Gravel,0.4075172048703017,0.4075172048703017,0.0,0.0,0.6703017469560615,0.6155637903652726,0.5587083112758073,0.0,0.35224986765484384,0.7493912122816305,0.7191106405505558
pavia_university,4,Trees,0.8205946337926033,0.8205946337926033,0.9783901377810007,0.9783901377810007,0.9019579405366208,0.8794053662073967,0.8358230601885424,0.9783901377810007,0.7590282813633067,0.9322697606961567,0.8679477882523567
pavia_university,5,Painted metal sheets,0.6123864574731627,0.6123864574731627,1.0,1.0,0.9884393063583815,0.9871180842279109,0.9907514450867051,1.0,0.39818331957060277,0.9915772089182493,0.9920726672171758
pavia_university,6,Bare Soil,0.3926220455047492,0.3926220455047492,0.11460128120167878,0.11460128120167878,0.7868345482659598,0.563861276783742,0.5596642368014138,0.11460128120167878,0.2926441351888668,0.8711729622266402,0.7419924895074
pavia_university,7,Bitumen,0.9131886477462438,0.9131886477462438,0.0,0.0,0.650584307178631,0.7006677796327212,0.5906510851419032,0.0,0.832220367278798,0.7886477462437396,0.701669449081803
pavia_university,8,Self-Blocking Bricks,0.5026554013277007,0.5026554013277007,0.0,0.0,0.9048883524441763,0.856004828002414,0.8449004224502111,0.0,0.6942063971031985,0.8834640917320458,0.8683162341581172
pavia_university,9,Shadows,0.9988276670574445,0.9988276670574445,0.00633059788980066,0.00633059788980066,0.9990621336459554,0.9955451348182883,0.9992966002344665,0.00633059788980066,0.9960140679953107,0.9981242672919108,0.9981242672919108
salinas,1,Brocoli_green_weeds_1,0.9890547263681592,0.9890547263681592,0.9930348258706468,0.9930348258706468,0.9928137092316197,0.993698175787728,0.9848535102266446,0.9930348258706468,0.9930348258706468,0.9913764510779437,0.9852957435046987
salinas,2,Brocoli_green_weeds_2,0.6822898032200359,0.6822898032200359,0.5351818723911748,0.5351818723911748,0.9979129397734049,0.9983303518187239,0.9962432915921289,0.5351818723911748,0.5658914728682171,0.9988073941562314,0.9985688729874778
salinas,3,Fallow,0.5505061867266592,0.5505061867266592,0.03340832395950506,0.03340832395950506,0.9860517435320585,0.9686164229471317,0.9494938132733408,0.03340832395950506,0.24679415073115857,0.9829021372328459,0.969291338582677
salinas,4,Fallow_rough_plow,0.9685805422647528,0.9685805422647528,0.16299840510366823,0.16299840510366823,0.9920255183413078,0.9881977671451356,0.9854864433811802,0.16299840510366823,0.9483253588516746,0.9880382775119617,0.9894736842105264
salinas,5,Fallow_smooth,0.8347717842323652,0.8347717842323652,0.0009128630705394,0.0009128630705394,0.9820746887966804,0.980331950207469,0.9793360995850623,0.0009128630705394,0.9572614107883817,0.9855601659751038,0.9804149377593362
salinas,6,Stubble,0.9709233791748527,0.9709233791748527,0.9929834409205727,0.9929834409205727,0.996519786696604,0.9939938254280101,0.997586303676677,0.9929834409205727,0.9108055009823183,0.9969688464776875,0.9970249789503228
salinas,7,Celery,0.9939149332505431,0.9939149332505431,0.9862775535547967,0.9862775535547967,0.9946600434647624,0.9932940080720274,0.9923005277864017,0.9862775535547967,0.9911207699472213,0.9958398013039428,0.9952809686432784
salinas,8,Grapes_untrained,0.3696736665680765,0.3696736665680765,0.1786256531598146,0.1786256531598146,0.8945874001774623,0.8599230996746524,0.8522133491077591,0.1786256531598146,0.44858523119392685,0.890150842945874,0.888395938085379
salinas,9,Soil_vinyard_develop,0.586208131828766,0.586208131828766,0.7597349095468385,0.7597349095468385,0.9948414830736162,0.9912950026867275,0.9931578004656995,0.7597349095468385,0.9490596453519613,0.9959519971341573,0.9956295898262584
salinas,10,Corn_senesced_green_weeds,0.6141694915254237,0.6141694915254237,0.0020338983050847198,0.0020338983050847198,0.9148474576271187,0.908135593220339,0.8958644067796611,0.0020338983050847198,0.6482033898305085,0.9503050847457628,0.9144406779661016
salinas,11,Lettuce_romaine_4wk,0.422037422037422,0.422037422037422,0.17214137214137215,0.17214137214137215,0.923908523908524,0.9203742203742203,0.9004158004158004,0.17214137214137215,0.0035343035343035198,0.9530145530145531,0.9203742203742203
salinas,12,Lettuce_romaine_5wk,0.991585014409222,0.991585014409222,0.09740634005763685,0.09740634005763685,0.997579250720461,0.9812103746397695,0.9889337175792507,0.09740634005763685,0.9583861671469741,0.9959654178674352,0.9906628242074929
salinas,13,Lettuce_romaine_6wk,0.9888349514563106,0.9888349514563106,0.018689320388349497,0.018689320388349497,0.9793689320388349,0.9764563106796116,0.9839805825242717,0.018689320388349497,0.9871359223300971,0.9822815533980581,0.9788834951456309
salinas,14,Lettuce_romaine_7wk,0.8638253638253639,0.8638253638253639,0.5330561330561331,0.5330561330561331,0.9166320166320168,0.9278586278586278,0.925987525987526,0.5330561330561331,0.8553014553014553,0.9478170478170478,0.9424116424116423
salinas,15,Vinyard_untrained,0.4734026291653929,0.4734026291653929,0.006725771935187979,0.006725771935187979,0.6114032405992051,0.6149189850198715,0.5837664322837053,0.006725771935187979,0.44292265362274535,0.6706511770100887,0.5976459798226842
salinas,16,Vinyard_vertical_trellis,0.6528580208973571,0.6528580208973571,0.5112476951444377,0.5112476951444377,0.980823601720959,0.9759065765212046,0.962261831591887,0.5112476951444377,0.4690842040565458,0.9846342962507683,0.9814382298709281
sentinel2_breizhcrops,0,barley,0.0,0.0,0.1413476007356629,0.1413476007356629,0.8644373850526668,0.8726299949841163,0.7573984283564622,0.1413476007356629,0.00214011034943988,0.8490887811402775,0.7708409964888815
sentinel2_breizhcrops,1,wheat,0.19587277323769767,0.19587277323769767,0.1578223293550473,0.1578223293550473,0.9057792933153037,0.8494679287436064,0.7081897818801811,0.1578223293550473,0.009253924392968401,0.9430184020224587,0.7573637486036804
sentinel2_breizhcrops,2,rapeseed,0.7762638717632553,0.7762638717632553,0.9512330456226881,0.9512330456226881,0.9530209617755856,0.950739827373613,0.8908138101109742,0.9512330456226881,0.0,0.9618988902589395,0.9126387176325524
sentinel2_breizhcrops,3,corn,0.18947099901151113,0.18947099901151113,0.2512292337616785,0.2512292337616785,0.9507860080992316,0.9505883103217372,0.9184847421957208,0.2512292337616785,0.00072701763336628,0.931392493861803,0.9160868594751443
sentinel2_breizhcrops,4,sunflower,0.0,0.0,0.0,0.0,0.0,0.0,0.0,0.0,0.0,0.0,0.0
sentinel2_breizhcrops,5,orchards,0.27318840579710146,0.27318840579710146,0.0003623188405797,0.0003623188405797,0.6413043478260869,0.6228260869565216,0.5942028985507246,0.0003623188405797,0.22282608695652173,0.7007246376811593,0.6347826086956522
sentinel2_breizhcrops,6,nuts,0.0,0.0,0.0,0.0,0.0,0.0,0.0,0.0,0.0,0.0,0.0
sentinel2_breizhcrops,7,permanent meadows,0.3742328001836688,0.3742328001836688,0.00199739802556052,0.00199739802556052,0.3157266396265401,0.24605494757786786,0.18586515650110963,0.00199739802556052,0.29587510522690746,0.31825973827198284,0.16955689905869745
sentinel2_breizhcrops,8,temporary meadows,5.20643515385016e-06,5.20643515385016e-06,0.1430207736762638,0.1430207736762638,0.5651012651637424,0.4241995105950956,0.4034310407663872,0.1430207736762638,0.7464518144426511,0.5809808923829853,0.44939345030457645
statlog,1,red soil,0.6290672451193059,0.6290672451193059,0.3709327548806941,0.3709327548806941,0.9973969631236441,0.9939262472885032,0.9926247288503254,0.3709327548806941,0.2668112798264642,0.9978308026030367,0.9887201735357918
statlog,2,cotton crop,0.8258928571428571,0.8258928571428571,0.6383928571428571,0.6383928571428571,0.9776785714285714,0.9758928571428571,0.9446428571428571,0.6383928571428571,0.78125,0.9741071428571427,0.9580357142857142
statlog,3,grey soil,0.9093198992443325,0.9093198992443325,0.9773299748110832,0.9773299748110832,0.9420654911838791,0.9486146095717884,0.9244332493702772,0.9773299748110832,0.9143576826196472,0.9324937027707808,0.930478589420655
statlog,4,damp grey soil,0.7819905213270142,0.7819905213270142,0.0047393364928909,0.0047393364928909,0.6170616113744076,0.637914691943128,0.5412322274881516,0.0047393364928909,0.7298578199052133,0.6502369668246446,0.4834123222748815
statlog,5,soil with vegetation stubble,0.2995780590717299,0.2995780590717299,0.0,0.0,0.9257383966244725,0.89957805907173,0.8337552742616033,0.0,0.5232067510548524,0.9189873417721518,0.8033755274261603
statlog,7,very damp grey soil,0.6617021276595745,0.6617021276595745,0.0,0.0,0.9076595744680851,0.897872340425532,0.8714893617021277,0.0,0.4148936170212766,0.9063829787234041,0.8902127659574468
