dataset,method,OA_mean,OA_std,AA_mean,AA_std,kappa_mean,kappa_std,macro_F1_mean,macro_F1_std,AURC_mean,AURC_std,E-AURC_mean,E-AURC_std,risk@50_mean,risk@50_std,risk@80_mean,risk@80_std,op_fine_coverage_mean,op_fine_coverage_std,op_selective_risk_mean,op_selective_risk_std,op_coarse_rate_mean,op_coarse_rate_std,op_coarse_accuracy_mean,op_coarse_accuracy_std,op_abstain_rate_mean,op_abstain_rate_std,op_hierarchical_accuracy_mean,op_hierarchical_accuracy_std,op_mean_depth_mean,op_mean_depth_std,op_mean_set_size_mean,op_mean_set_size_std
indian_pines,B1 Flat FCM,0.28471615720524013,0.01013433711581588,0.36455003118517937,0.020045189579224753,0.2273493592352807,0.009520468459377245,0.27473971240486994,0.007726739124084207,0.7152838427947599,0.010134337115815958,0.357494573139758,0.002416817687207254,0.7152838427947599,0.010134337115815939,0.7152838427947599,0.010134337115815855,,,,,,,,,,,,,,,,
indian_pines,B2 Flat FCM + max-membership,0.28471615720524013,0.01013433711581588,0.36455003118517937,0.020045189579224753,0.2273493592352807,0.009520468459377245,0.27473971240486994,0.007726739124084207,0.6253663114365333,0.028719867559392993,0.2675770417815316,0.021569471381463572,0.6516662836129625,0.031495652972876584,0.6911519678253375,0.015632814697231892,,,,,,,,,,,,,,,,
indian_pines,"B3 HFCM, no gating",0.1349574810388416,0.04144272346534913,0.09443257856159648,0.0271153095764438,0.06072391451696396,0.016163408890567645,0.03960171729070708,0.0032256498063414616,0.8650425189611584,0.041442723465349184,0.265266898827731,0.03990181589776413,0.8650425189611584,0.04144272346534913,0.8650425189611584,0.04144272346534914,,,,,,,,,,,,,,,,
indian_pines,B4 HFCM + entropy gating,0.1349574810388416,0.04144272346534913,0.09443257856159648,0.0271153095764438,0.06072391451696396,0.016163408890567645,0.03960171729070708,0.0032256498063414616,0.8808797026240706,0.04823292533350709,0.28110408249064334,0.03361075738887266,0.8427028269363366,0.053542177446785515,0.8522838264866419,0.04266409649667623,0.5258331418064813,0.03419535456532573,0.8377386389501146,0.04561944726710723,0.36088255573431394,0.03349253670144974,0.48241511201896314,0.03868292213675621,0.11328430245920473,0.004441325584085304,0.3722592507469547,0.024639338107663084,2.783635945759596,0.2150434404128526,4.427602849919559,0.10763171439495225
indian_pines,Gaussian process (Dirichlet GP),0.8106182486784647,0.00592570585352966,0.7543398840441152,0.01466951634290862,0.7818703550204814,0.00688862490348908,0.7778144421830993,0.018815275267919013,0.05836754651011278,0.002004499318321151,0.03915338647714754,0.002087671209678487,0.0373247529303608,0.003858170456031856,0.1113185866130422,0.0031989453391726612,,,,,,,,,,,,,,,,
indian_pines,Random Forest,0.7504022063893359,0.013085811995160268,0.6432702555231944,0.01859262011997422,0.7114111851143547,0.01518079416967723,0.6716426988575164,0.02076434370066139,0.09187980812962156,0.006150456049365049,0.05765112019571814,0.0041424913045657015,0.06871504233145231,0.009913559436483626,0.17020757432257727,0.015218935741280715,,,,,,,,,,,,,,,,
indian_pines,"Random Forest, Phase 1 features",0.707538496897265,0.011831616823246576,0.6361704234247783,0.018665465030645558,0.6612050180949962,0.013711544163114505,0.6494798067968386,0.008740113173862307,0.12580381698443532,0.007413268162524097,0.07802847859433708,0.006173802743125251,0.10912325723001426,0.010969455166156642,0.2140248791713888,0.014558317255056344,,,,,,,,,,,,,,,,
indian_pines,SG-HFQ,0.1349574810388416,0.04144272346534913,0.09443257856159648,0.0271153095764438,0.06072391451696396,0.016163408890567645,0.03960171729070708,0.0032256498063414616,0.8445996825652312,0.06833305036898521,0.24482406243180382,0.01603068751887074,0.821073544710034,0.04842807423382359,0.8530398121633507,0.04203823168088165,0.5159963226844404,0.046126359386752976,0.820674775257172,0.04098896512610027,0.2964376005515973,0.04363897526100029,0.40284617511236337,0.04077897398729893,0.18756607676396228,0.009218535776721049,0.3988278556653643,0.01819209514431814,2.7576878878418754,0.23395404164350395,5.007239715008045,0.1841681358171504
indian_pines,SG-HFQ (class-seeded),0.2851988048724431,0.014623588769207286,0.3425383812050068,0.04650620741558743,0.21167194922582366,0.011904594147953113,0.24078605094854882,0.014771972462762852,0.636965433301419,0.06237949997486355,0.2796190742807046,0.048158440046050084,0.6629582083876897,0.0364973079827132,0.701844171725177,0.019188244397075605,0.3249597793610664,0.04538163670791068,0.5997816674056349,0.08103224238438644,0.4772695931969662,0.04995801329588204,0.861830821246486,0.03473360523583737,0.19777062744196733,0.00661391888831382,0.7368191220409102,0.04204417593318049,3.503240634336934,0.44791662584540165,7.132498276258332,0.3666324285778802
indian_pines,SVM (RBF),0.7999310503332567,0.004610270541465767,0.7036544096467319,0.02972564205423796,0.7698826450765152,0.004915596962760969,0.7279451513960866,0.01867570697313162,0.06970603820750264,0.002873574025862712,0.04818337363797433,0.003267725033217968,0.05309124339232356,0.006087300684049198,0.1257971847170353,0.003935493405287651,,,,,,,,,,,,,,,,
indian_pines,"SVM (RBF), Phase 1 features",0.7362215582624684,0.007273654272682273,0.6255238464001944,0.04507055380221358,0.6943381582343356,0.008881004216720402,0.6517911682976437,0.036304932898199936,0.11115892677599797,0.006456249839215622,0.07278540312232687,0.0044676473652787,0.09813835899793147,0.011408571497118693,0.18974432634300484,0.00860503636929055,,,,,,,,,,,,,,,,
pavia_university,B1 Flat FCM,0.49499766245909305,0.01471517294333153,0.6214836727038469,0.012318878757868912,0.3960119623522319,0.012325262309373726,0.5574736296036844,0.008632872388828426,0.5050023375409068,0.014715172943331462,0.34790246213665005,0.0044368917484772456,0.505002337540907,0.014715172943331543,0.505002337540907,0.014715172943331505,,,,,,,,,,,,,,,,
pavia_university,B2 Flat FCM + max-membership,0.49499766245909305,0.01471517294333153,0.6214836727038469,0.012318878757868912,0.3960119623522319,0.012325262309373726,0.5574736296036844,0.008632872388828426,0.3964110629698881,0.015992218370433513,0.2393111875656313,0.022911110404320735,0.4108877460911121,0.02032514217448604,0.4613596519706512,0.007530452973285255,,,,,,,,,,,,,,,,
pavia_university,"B3 HFCM, no gating",0.22577008986546154,0.1127581148564598,0.2614511637586772,0.03551561492007649,0.13017384004282131,0.07155351252213056,0.11354220209036678,0.0655525428558021,0.7742299101345385,0.11275811485645973,0.3110271252087906,0.07024901282916449,0.7742299101345385,0.11275811485645977,0.7742299101345385,0.11275811485645978,,,,,,,,,,,,,,,,
pavia_university,B4 HFCM + entropy gating,0.22577008986546154,0.1127581148564598,0.2614511637586772,0.03551561492007649,0.13017384004282131,0.07155351252213056,0.11354220209036678,0.0655525428558021,0.8509760601395445,0.0833163667872495,0.3877732752137966,0.09988186438065896,0.8124461066957561,0.10779496072677075,0.7570677228751379,0.12089514055323473,0.6311412394161342,0.08714397460908098,0.7858828323396023,0.1001367018387812,0.15289075892161438,0.08398987325317843,0.9995981102743057,0.0004193298581418457,0.2159680016622513,0.005080178555460728,0.49737156511350056,0.132784239064202,1.9551711599397437,0.2651475993936959,3.3127214170692434,0.16405581447736015
pavia_university,Gaussian process (Dirichlet GP),0.9171679393278271,0.0037050640141691347,0.8694910067856142,0.007475632303585262,0.888722292977184,0.0051067080159484515,0.8911978276120582,0.005784563090602437,0.01477683038680686,0.0008314166082254336,0.01124034938430782,0.0005393605886476209,0.0046750818139317,0.0003223124421066341,0.024615284721771262,0.0017671154429106774,,,,,,,,,,,,,,,,
pavia_university,Random Forest,0.8745571658615138,0.0023712356890407548,0.8318834945326927,0.004886203273771059,0.8301005948273625,0.0034615215139456187,0.8500575829050823,0.004126470976270327,0.03045964983741038,0.0008345661719833319,0.0222361738850375,0.0006722421994051274,0.01625083788748892,0.0015949565573914978,0.057325525911003414,0.0015565853434303923,,,,,,,,,,,,,,,,
pavia_university,"Random Forest, Phase 1 features",0.8633681367201703,0.006639781592276171,0.8079009086805831,0.009901171872811402,0.8143160284182407,0.009681530071098036,0.8330192101116456,0.007736265744350221,0.0366074035090658,0.0027989954529196465,0.026794312037811678,0.0019472073663053487,0.01966728641397942,0.0022100010009032996,0.07291708466788091,0.005687665062584314,,,,,,,,,,,,,,,,
pavia_university,SG-HFQ,0.22577008986546154,0.1127581148564598,0.2614511637586772,0.03551561492007649,0.13017384004282131,0.07155351252213056,0.11354220209036678,0.0655525428558021,0.857678984895399,0.0787172327323301,0.3944761999696511,0.10482794274807643,0.8221656774626253,0.10064853349585788,0.7803457325912936,0.10537717534303721,0.6359046283309958,0.08713506273493256,0.7940801164996699,0.0929865254829338,0.15668796426159676,0.08546736670676007,0.9998791803961092,0.00012352277102725128,0.20740740740740735,0.005555500307183958,0.4889927795958651,0.12906765248370386,1.9613682406108777,0.2585737350893246,3.2693574359773523,0.1708084998842445
pavia_university,SG-HFQ (class-seeded),0.5362994130175056,0.013805468427241077,0.604910848512619,0.00935650008313035,0.43166853584922515,0.011694392033780046,0.5569273752163115,0.006430802385317974,0.4034486763160826,0.014515509172032044,0.27374657483133935,0.008785312199051808,0.40454051596586715,0.013361414870964785,0.44891152955674185,0.013329000526283455,0.4368240610877357,0.017797724385988537,0.38753063568283685,0.012822501850884438,0.357238585008571,0.017319331816276675,0.9836910735378221,0.0022017823258549357,0.20593735390369328,0.016354786457778926,0.8249181860682562,0.00884397293497053,3.1215729053036205,0.15748838796489253,4.177211573424757,0.13852472539551297
pavia_university,SVM (RBF),0.9305127006389279,0.003380820542531877,0.9033671036766613,0.00493989080381246,0.9075021715149152,0.004528958371889078,0.9130860167359078,0.004077080349145313,0.012221526866081,0.0012017580670738801,0.00974352545840944,0.0009755771331321009,0.0061918861357851,0.0011094924377826685,0.01894032855009408,0.002321856695821927,,,,,,,,,,,,,,,,
pavia_university,"SVM (RBF), Phase 1 features",0.8979585476079166,0.005445919743923769,0.8641790695865991,0.009301204347689563,0.8632636004239906,0.007403981669226276,0.8791523172772099,0.007149956511682156,0.02442721773224446,0.0023732795481930034,0.01901974878040558,0.001831579412287902,0.01460703340086226,0.0015906647756971628,0.04231543406272314,0.004245628550000935,,,,,,,,,,,,,,,,
salinas,B1 Flat FCM,0.6508857277746988,0.00824272747248764,0.7470397529344189,0.009808764607486432,0.6204474882369899,0.008900070089398904,0.692954601759544,0.008857829509713568,0.3491142722253012,0.008242727472487603,0.2794587798350416,0.004702092849101542,0.3491142722253012,0.008242727472487634,0.3491142722253012,0.008242727472487634,,,,,,,,,,,,,,,,
salinas,B2 Flat FCM + max-membership,0.6508857277746988,0.00824272747248764,0.7470397529344189,0.009808764607486432,0.6204474882369899,0.008900070089398904,0.692954601759544,0.008857829509713568,0.1820509566929291,0.008568258374810778,0.11239546430266942,0.005456463351131861,0.19320141226701698,0.00949747833341104,0.29521219274388055,0.00875646643732719,,,,,,,,,,,,,,,,
salinas,"B3 HFCM, no gating",0.37707986945008926,0.09283561896466355,0.3740286486628599,0.09382280850144899,0.3308634111046321,0.09636892286513914,0.28114626506005347,0.08201576049123359,0.6229201305499108,0.09283561896466347,0.35748724738266036,0.015076988712087696,0.6229201305499107,0.09283561896466355,0.6229201305499107,0.09283561896466354,,,,,,,,,,,,,,,,
salinas,B4 HFCM + entropy gating,0.37707986945008926,0.09283561896466355,0.3740286486628599,0.09382280850144899,0.3308634111046321,0.09636892286513914,0.28114626506005347,0.08201576049123359,0.5795476636545299,0.15236610665497677,0.3141147804872794,0.057810043936792975,0.5761720995155596,0.11409282416108425,0.5870734335710986,0.11661993521864386,0.488076030954287,0.0369261452041212,0.5740990267005637,0.10127608646293151,0.36326538990496127,0.036698309905263016,0.8046916754990132,0.3410059602426902,0.14865857914075165,0.014174588115186886,0.6446743436582713,0.15982147670788624,2.5920766878091834,0.6967964247791224,4.5196871728554715,0.16104737853076204
salinas,Gaussian process (Dirichlet GP),0.9132787322700494,0.0014260823888445759,0.9472531460209147,0.0016316810818252981,0.9031778616028687,0.001612442300753454,0.9489274589002882,0.0009889821052256626,0.0167364543123933,0.000956226621217623,0.01286071201866874,0.0010520011642420743,0.00467197635273826,0.0006448266062171571,0.026361163852824922,0.0004530676717791575,,,,,,,,,,,,,,,,
salinas,Random Forest,0.9040417102859373,0.0012513217776388523,0.9420338307550782,0.002149588423674476,0.8929528574675052,0.0014135333351318583,0.9423308323175282,0.001777619073994948,0.01564191609088498,0.00038901402220006424,0.01088147771047468,0.000367277358620287,0.00139864246872896,0.00039160238367065927,0.031171532959024438,0.0008666439179495591,,,,,,,,,,,,,,,,
salinas,"Random Forest, Phase 1 features",0.8961471354968491,0.002145832248511796,0.9357425897660623,0.001999946311532851,0.8841094035922248,0.0024218134606628122,0.9369120354537717,0.0017423571706344876,0.0212243970655291,0.0005602106413287494,0.0156315415952492,0.0004224394846172283,0.00562585931790884,0.000987672210199795,0.04397937486176282,0.0017248681386601537,,,,,,,,,,,,,,,,
salinas,SG-HFQ,0.37707986945008926,0.09283561896466355,0.3740286486628599,0.09382280850144899,0.3308634111046321,0.09636892286513914,0.28114626506005347,0.08201576049123359,0.6476746831560012,0.11544048150867899,0.3822417999887508,0.06075491785116988,0.6357047839619769,0.09996451373366166,0.6261159986837256,0.09175402967196931,0.42549828601925405,0.03288699819963217,0.6402681680932556,0.10171239707494042,0.37501488186875215,0.03353943648416615,0.7974499772536462,0.36667036727895896,0.19948683211199375,0.005522079444550698,0.6448960321858899,0.16544110747505833,2.3213169940677796,0.6160814340208569,5.483556048196728,0.32861401287828534
salinas,SG-HFQ (class-seeded),0.6730915286245047,0.027913167134940253,0.7109654039005086,0.018461926570868935,0.6398144539613249,0.029161239140957113,0.6645416049127305,0.02105973071769689,0.24188671683099158,0.022087648357582954,0.18097794626322478,0.015241551419092733,0.25950760423163194,0.028635347087808877,0.31005981098918667,0.02764631647672561,0.4391854999281565,0.02302179084487496,0.23971715729968954,0.031483764760536444,0.35573619065213374,0.027258537644484448,0.9657380001218868,0.03188050850839091,0.20507830941970973,0.00460351125506525,0.8819385430137323,0.005803175119973262,3.125430547858037,0.07745775154099037,5.939466715930784,0.7048049454117583
salinas,SVM (RBF),0.9239690457129954,0.0017629090915766063,0.9568915652449664,0.0017440552644007576,0.9151800029089705,0.0019518876015707984,0.9582360096698126,0.0014670385019128652,0.013433552920401359,0.0009829799780044595,0.010464904205259359,0.0010063110260912814,0.00480335002873792,0.0019791396326782054,0.02255349720326368,0.0017010973239511063,,,,,,,,,,,,,,,,
salinas,"SVM (RBF), Phase 1 features",0.9094977112712195,0.0035114485342435807,0.945327070146791,0.003326173468245084,0.8989562244231422,0.0039415741206088395,0.9464247854786685,0.002867854113255989,0.018511680637170617,0.0015890140145301604,0.014280535608737521,0.0015185451718690438,0.00692996140898262,0.001362667972476438,0.03254477343870266,0.0007855328071088895,,,,,,,,,,,,,,,,
sentinel2_breizhcrops,B1 Flat FCM,0.177030022492421,0.16105615711627203,0.20100378404759867,0.04605281464342722,0.10019750225752477,0.12245006142937276,0.06813884047484776,0.06832546322431951,0.822969977507579,0.16105615711627205,0.2427666292510374,0.13143078592642396,0.822969977507579,0.16105615711627203,0.822969977507579,0.16105615711627203,,,,,,,,,,,,,,,,
sentinel2_breizhcrops,B2 Flat FCM + max-membership,0.177030022492421,0.16105615711627203,0.20100378404759867,0.04605281464342722,0.10019750225752477,0.12245006142937276,0.06813884047484776,0.06832546322431951,0.7360426407352627,0.2705542661278574,0.15583929247872103,0.07442171863834457,0.7407960361182646,0.24069282849017434,0.8002811564085326,0.17600448439857888,,,,,,,,,,,,,,,,
sentinel2_breizhcrops,"B3 HFCM, no gating",0.16332105486194864,0.03909539525539795,0.1830014111130534,0.04301980534208022,0.04738621470524294,0.03517566847247809,0.09560074929460569,0.04412907728250724,0.8366789451380514,0.03909539525539785,0.2922741033496479,0.03038427459174387,0.8366789451380512,0.03909539525539795,0.8366789451380512,0.039095395255397875,,,,,,,,,,,,,,,,
sentinel2_breizhcrops,B4 HFCM + entropy gating,0.16332105486194864,0.03909539525539795,0.1830014111130534,0.04301980534208022,0.04738621470524294,0.03517566847247809,0.09560074929460569,0.04412907728250724,0.8882468646684959,0.04151580718830941,0.3438420228800924,0.029239599426408167,0.877231637927762,0.04693785565883002,0.8406494905862181,0.043524683025105045,0.31978029142354203,0.03323986394263601,0.9097825412004161,0.04619915092578143,0.03264660820810372,0.039586537489693506,0.4921884610200709,0.369233999785072,0.6475731003683541,0.04096156484864248,0.6930762460475275,0.027376227028037263,0.8160625224109268,0.22251327080713504,6.215749584379177,0.301871195627166
sentinel2_breizhcrops,Gaussian process (Dirichlet GP),0.6829122795579751,0.011815593291078636,0.5773506556510175,0.0030614446149201213,0.6055834193351555,0.01277927016748329,0.49742326412187143,0.00637881571199272,0.13959222218609774,0.009530936302614545,0.08287669055739146,0.0063162161166853605,0.13240864491312704,0.013151103277202427,0.24682884094289262,0.012653757396660855,,,,,,,,,,,,,,,,
sentinel2_breizhcrops,Random Forest,0.6163640512436027,0.005423104142794644,0.5462785118391731,0.0033144421066725097,0.5359140855790651,0.005652059853495381,0.44699579069360196,0.003105851418257098,0.1655006733204487,0.003920264996359252,0.08011348298117235,0.0038168387144202963,0.16294235656069045,0.007497669881734539,0.31197492854113673,0.00505220029689739,,,,,,,,,,,,,,,,
sentinel2_breizhcrops,"Random Forest, Phase 1 features",0.5619258728037291,0.0048701727125345685,0.4953762064846178,0.004606155293082369,0.47505021857276397,0.005346828072819617,0.38810696768147657,0.003819054347410728,0.2253444490360102,0.003282488074826034,0.11113746836890703,0.0034183599372362883,0.2507392959610758,0.004787420579584211,0.3753782918871652,0.0037949262158192567,,,,,,,,,,,,,,,,
sentinel2_breizhcrops,SG-HFQ,0.16332105486194864,0.03909539525539795,0.1830014111130534,0.04301980534208022,0.04738621470524294,0.03517566847247809,0.09560074929460569,0.04412907728250724,0.8474989326374789,0.06554839035305803,0.30309409084907546,0.00688504058376417,0.8508466226638006,0.05829481937510696,0.8416489462156076,0.04516757170015512,0.53498549401832,0.06265898721025474,0.8499578728620211,0.05821841002347259,0.18234018971868168,0.05795499753106637,0.709135908220187,0.04741799221651328,0.28267431626299827,0.01587302360471989,0.48758679140724315,0.05869610881743002,1.4530935228346968,0.19427552050699579,3.941397463898034,0.20194589919366387
sentinel2_breizhcrops,SG-HFQ (class-seeded),0.29926818137366756,0.0021194044052183798,0.14191933988909497,0.0015082712196343758,0.04503402482625802,0.0032711268742360512,0.08839395512693944,0.004187610794313269,0.6549531513403887,0.002800679564289091,0.31525416288616015,0.002537471856386528,0.675073939618572,0.0026801139443382613,0.6943172181882128,0.0021537270391926732,0.16608860058023922,0.01430975912812037,0.5712637001892513,0.012316827868566802,0.6794715910943052,0.07832306938525,0.6809244830314622,0.10897866908130086,0.1544398083254555,0.0756635439180862,0.6816768262867947,0.08759448165433342,2.9867441405613326,0.5978346758133868,4.296083384946376,0.55889575976317
sentinel2_breizhcrops,SVM (RBF),0.6883821755712749,0.012322662606172529,0.5872626484021785,0.005168518475682557,0.6129397194986133,0.012732732861130022,0.5132672473969742,0.006147079223522937,0.11979543409428736,0.007300791077274215,0.06513819781607298,0.003963560888546911,0.1029533526746422,0.01049815616928742,0.23749974532934007,0.012307656453273247,,,,,,,,,,,,,,,,
sentinel2_breizhcrops,"SVM (RBF), Phase 1 features",0.5804593017570167,0.011259225829522039,0.5122959200287983,0.006845840246785301,0.49529540794718036,0.011349650446099036,0.4023831500886942,0.00962204422793333,0.2089942406595243,0.004896162065674966,0.10509718121061937,0.0030777224506709873,0.22813834468820288,0.0077159668282706425,0.3603304606482896,0.009307589056081977,,,,,,,,,,,,,,,,
statlog,B1 Flat FCM,0.6915,0.0,0.684591784927469,0.0,0.6259616559168533,0.0,0.6782485134532782,0.0,0.3085000000000001,0.0,0.2550117971486602,0.0,0.3085,0.0,0.3085,0.0,,,,,,,,,,,,,,,,
statlog,B2 Flat FCM + max-membership,0.6915,0.0,0.684591784927469,0.0,0.6259616559168533,0.0,0.6782485134532782,0.0,0.1728211708994039,0.0,0.119332968048064,0.0,0.161,0.0,0.244375,0.0,,,,,,,,,,,,,,,,
statlog,"B3 HFCM, no gating",0.3515,0.0,0.3318991538879208,0.0,0.2294555898778862,0.0,0.2363855929456007,0.0,0.6485000000000001,0.0,0.367347194004461,0.0,0.6485,0.0,0.6485,0.0,,,,,,,,,,,,,,,,
statlog,B4 HFCM + entropy gating,0.3515,0.0,0.3318991538879208,0.0,0.2294555898778862,0.0,0.2363855929456007,0.0,0.6854613756972285,0.0,0.4043085697016894,0.0,0.662,0.0,0.6525,0.0,0.61,0.0,0.6647540983606557,0.0,0.1335,0.0,0.8314606741573034,0.0,0.2565,0.0,0.572,0.0,1.3475,0.0,2.4325,0.0
statlog,Gaussian process (Dirichlet GP),0.9145,0.0013228756555322824,0.8946001013671767,0.0010446181618439705,0.8946577801577125,0.001614940398260733,0.9000046163736538,0.0010885460066251897,0.01213704543889178,0.0001608658610615048,0.008350916840331641,0.0001552700966721292,0.0018000000000000002,0.00044721359549995795,0.021374999999999998,0.0009270248108869562,,,,,,,,,,,,,,,,
statlog,Random Forest,0.9116,0.0014747881203752416,0.8922998009072565,0.0017221105348240195,0.8911452414115446,0.0018077119802441752,0.8971490923074861,0.0016477337668253781,0.01408456094335844,0.00014859220918024275,0.01003371991516304,0.00014356869733010385,0.0027888111888111798,0.0007544252222788853,0.026414583333333318,0.0005058468902631325,,,,,,,,,,,,,,,,
statlog,"Random Forest, Phase 1 features",0.8788,0.002514955267991899,0.8513629498025571,0.003172962002843371,0.8507217328592729,0.003094591907110853,0.8553600581530534,0.003444924840620404,0.02686363142887068,0.0004896311889250577,0.01916960877801592,0.0006329081082473921,0.01035555555555554,0.0008620962107231379,0.04508333333333332,0.0008665264309619141,,,,,,,,,,,,,,,,
statlog,SG-HFQ,0.3515,0.0,0.3318991538879208,0.0,0.2294555898778862,0.0,0.2363855929456007,0.0,0.6976952757346632,0.0,0.41654246973912396,0.0,0.6672994923857868,0.0,0.6600444484760523,0.0,0.6555,0.0,0.6727688787185355,0.0,0.1305,0.0,0.9310344827586208,0.0,0.21400000000000002,0.0,0.55,0.0,1.3985,0.0,2.3145,0.0
statlog,SG-HFQ (class-seeded),0.567,0.0,0.6050628584045755,0.0,0.4809392003586674,0.0,0.5729399602621758,0.0,0.3435669127815289,0.0,0.23217220568135494,0.0,0.366,0.0,0.41624999999999995,0.0,0.385,0.0,0.325974025974026,0.0,0.4095,0.0,0.8266178266178266,0.0,0.20549999999999996,0.0,0.8035,0.0,2.0565,0.0,2.918,0.0
statlog,SVM (RBF),0.9147000000000001,0.0009082951062292723,0.8966731559251937,0.0014414683442553315,0.8950017554335632,0.0011292162584448837,0.9006555531857657,0.0012273228999371737,0.01378891791362562,7.789419251650656e-05,0.01002109787026048,0.0001336842082822717,0.0018000000000000002,0.00044721359549995795,0.028625,0.0005229125165837946,,,,,,,,,,,,,,,,
statlog,"SVM (RBF), Phase 1 features",0.8753,0.0021389249636207153,0.8423725154834416,0.0036677409645281653,0.8460715872753394,0.0026493886230254866,0.8475961652055807,0.004860049588021243,0.02936617239362026,0.00040489002455214865,0.02121288834231422,0.0006042424199894996,0.0172,0.0008366600265340738,0.049,0.0012960275845829833,,,,,,,,,,,,,,,,
